user_id,attraction_id,rating,timestamp
0,15,3,2025-01-18 11:14:31.662463
0,40,3,2025-09-26 11:14:31.662613
0,31,5,2025-03-05 11:14:31.662725
0,1,4,2025-06-16 11:14:31.662828
0,22,5,2025-11-11 11:14:31.662929
0,29,5,2025-07-06 11:14:31.663022
0,32,3,2025-05-17 11:14:31.663116
0,41,3,2024-11-27 11:14:31.663205
0,47,3,2025-10-09 11:14:31.663298
0,42,3,2025-06-27 11:14:31.663386
0,10,2,2025-05-02 11:14:31.663477
0,13,5,2025-04-13 11:14:31.663568
0,34,4,2025-03-24 11:14:31.663658
0,4,4,2025-11-09 11:14:31.663746
0,14,5,2025-01-11 11:14:31.663832
1,14,4,2025-07-24 11:14:31.663940
1,11,4,2025-09-26 11:14:31.664037
1,40,4,2025-03-28 11:14:31.664122
1,44,5,2025-01-10 11:14:31.664209
1,6,4,2025-07-30 11:14:31.664296
1,43,2,2025-04-04 11:14:31.664383
1,1,3,2024-12-13 11:14:31.664468
1,7,4,2025-08-08 11:14:31.664554
1,45,5,2025-05-11 11:14:31.664639
1,37,3,2024-12-07 11:14:31.664724
1,3,4,2025-01-15 11:14:31.664810
1,23,2,2024-12-19 11:14:31.664901
1,35,5,2025-10-20 11:14:31.664986
1,8,5,2025-07-09 11:14:31.665072
2,25,3,2025-03-25 11:14:31.665174
2,6,4,2025-09-24 11:14:31.665258
2,26,3,2025-03-07 11:14:31.665345
2,34,4,2025-11-11 11:14:31.665429
2,31,3,2025-04-26 11:14:31.665514
2,43,4,2025-01-20 11:14:31.665598
2,29,4,2025-10-22 11:14:31.665685
2,11,2,2025-09-02 11:14:31.665796
2,37,5,2025-11-05 11:14:31.665971
2,8,4,2025-05-16 11:14:31.666098
2,13,4,2025-07-31 11:14:31.666203
2,0,3,2025-03-26 11:14:31.666299
2,14,3,2025-11-04 11:14:31.666388
2,42,4,2025-05-11 11:14:31.666472
2,38,3,2025-05-01 11:14:31.666556
3,28,5,2025-11-15 11:14:31.666665
3,22,4,2024-12-19 11:14:31.666751
3,27,4,2025-09-18 11:14:31.666853
3,30,5,2025-05-09 11:14:31.666936
3,14,5,2025-05-30 11:14:31.667017
3,23,5,2025-01-23 11:14:31.667098
4,17,5,2025-01-27 11:14:31.667196
4,6,4,2025-04-04 11:14:31.667278
4,31,4,2025-02-22 11:14:31.667359
4,20,5,2025-06-07 11:14:31.667443
4,3,3,2025-11-14 11:14:31.667523
4,44,5,2025-09-18 11:14:31.667607
4,15,2,2025-07-10 11:14:31.667688
4,21,5,2025-01-27 11:14:31.667776
4,27,3,2024-12-26 11:14:31.667859
5,42,3,2025-08-16 11:14:31.667956
5,30,5,2025-02-10 11:14:31.668036
5,15,5,2025-01-24 11:14:31.668119
6,47,4,2025-01-10 11:14:31.668215
6,1,4,2025-09-05 11:14:31.668294
6,15,2,2025-01-29 11:14:31.668373
6,20,3,2024-12-07 11:14:31.668454
6,35,4,2025-11-02 11:14:31.668535
6,38,3,2025-03-13 11:14:31.668615
6,31,4,2025-05-24 11:14:31.668695
6,43,4,2025-05-23 11:14:31.668777
6,2,2,2025-05-05 11:14:31.668856
6,29,4,2025-06-18 11:14:31.668937
6,14,4,2025-06-16 11:14:31.669015
6,19,4,2024-12-17 11:14:31.669093
6,28,3,2025-08-27 11:14:31.669172
6,6,5,2024-12-12 11:14:31.669249
6,45,3,2025-09-17 11:14:31.669327
6,34,4,2025-03-07 11:14:31.669408
6,46,3,2025-04-09 11:14:31.669484
6,33,4,2025-04-22 11:14:31.669564
6,23,4,2025-01-05 11:14:31.669642
7,45,4,2025-04-10 11:14:31.669738
7,37,4,2024-12-24 11:14:31.669819
7,12,4,2025-03-01 11:14:31.669899
7,36,4,2025-07-30 11:14:31.669980
7,8,5,2025-10-14 11:14:31.670059
7,21,5,2025-01-20 11:14:31.670137
7,5,5,2025-05-06 11:14:31.670216
7,10,3,2025-05-08 11:14:31.670294
7,38,3,2025-07-23 11:14:31.670372
7,26,4,2025-03-08 11:14:31.670452
7,23,3,2025-04-11 11:14:31.670530
8,18,5,2025-04-14 11:14:31.670624
8,7,4,2025-01-14 11:14:31.670703
8,48,5,2025-05-30 11:14:31.670783
8,14,3,2025-05-13 11:14:31.670860
8,2,4,2025-07-20 11:14:31.670939
8,26,2,2025-01-13 11:14:31.671018
8,11,3,2024-11-21 11:14:31.671095
8,15,3,2025-06-08 11:14:31.671171
8,30,5,2025-07-29 11:14:31.671249
8,6,4,2025-01-13 11:14:31.671325
8,19,5,2025-08-13 11:14:31.671406
8,38,4,2025-09-11 11:14:31.671483
8,20,4,2025-01-11 11:14:31.671563
8,45,5,2024-12-17 11:14:31.671640
8,0,2,2025-05-02 11:14:31.671719
8,27,4,2025-05-02 11:14:31.671798
8,32,4,2025-01-27 11:14:31.671877
8,33,4,2025-08-07 11:14:31.671960
9,27,4,2025-08-08 11:14:31.672049
9,3,3,2025-02-19 11:14:31.672128
9,25,2,2025-08-03 11:14:31.672208
9,44,5,2025-05-15 11:14:31.672287
9,10,4,2025-06-01 11:14:31.672364
9,31,4,2025-05-20 11:14:31.672440
9,42,5,2025-11-15 11:14:31.672520
9,1,3,2024-12-05 11:14:31.672597
9,32,5,2025-06-11 11:14:31.672675
9,26,4,2025-11-03 11:14:31.672754
9,28,5,2025-01-12 11:14:31.672838
9,13,4,2025-04-06 11:14:31.672918
9,0,3,2025-08-15 11:14:31.672998
9,6,4,2025-04-06 11:14:31.673078
9,35,5,2025-02-20 11:14:31.673164
9,47,4,2025-03-28 11:14:31.673241
9,19,3,2025-09-15 11:14:31.673321
9,12,3,2025-05-26 11:14:31.673399
9,8,4,2025-06-14 11:14:31.673477
9,14,3,2024-12-30 11:14:31.673565
9,45,5,2025-05-10 11:14:31.673643
9,17,5,2025-09-07 11:14:31.673720
10,17,4,2025-04-06 11:14:31.673810
10,15,3,2025-08-22 11:14:31.673891
10,26,3,2024-12-25 11:14:31.673968
10,47,3,2025-07-19 11:14:31.674044
10,37,4,2025-10-21 11:14:31.674118
10,44,5,2025-10-10 11:14:31.674192
10,34,4,2025-10-25 11:14:31.674266
10,41,3,2025-07-18 11:14:31.674340
10,27,4,2025-10-12 11:14:31.674414
10,31,5,2025-08-21 11:14:31.674488
10,25,2,2025-10-13 11:14:31.674563
10,35,5,2025-08-30 11:14:31.674635
11,36,3,2025-11-06 11:14:31.674727
11,13,3,2025-10-04 11:14:31.674801
11,0,4,2024-11-24 11:14:31.674878
11,17,3,2025-04-10 11:14:31.674952
11,7,3,2025-09-06 11:14:31.675028
11,21,5,2025-03-31 11:14:31.675102
11,1,4,2025-09-20 11:14:31.675176
11,14,4,2024-12-19 11:14:31.675255
12,15,3,2025-08-19 11:14:31.675356
12,4,4,2024-11-27 11:14:31.675436
12,42,4,2025-08-27 11:14:31.675511
12,29,4,2025-03-07 11:14:31.675584
12,7,3,2025-09-22 11:14:31.675664
12,40,4,2025-06-09 11:14:31.675739
12,38,4,2025-01-03 11:14:31.676004
12,31,4,2025-02-18 11:14:31.676133
12,33,5,2025-02-21 11:14:31.676217
12,20,5,2025-09-20 11:14:31.676301
12,19,3,2025-06-27 11:14:31.676378
12,24,5,2025-05-04 11:14:31.676453
12,39,2,2024-12-05 11:14:31.676532
12,47,4,2025-10-04 11:14:31.676610
13,15,3,2025-08-08 11:14:31.676703
13,2,4,2025-05-09 11:14:31.676783
13,4,4,2025-08-05 11:14:31.676861
13,44,5,2025-01-18 11:14:31.676941
13,9,4,2025-09-07 11:14:31.677016
13,18,5,2024-11-25 11:14:31.677094
13,39,3,2025-04-29 11:14:31.677169
13,26,4,2025-02-28 11:14:31.677251
13,42,4,2025-08-27 11:14:31.677326
13,22,5,2025-01-05 11:14:31.677404
13,3,3,2025-08-27 11:14:31.677479
13,36,5,2025-04-25 11:14:31.677554
13,38,4,2025-11-16 11:14:31.677629
13,27,4,2025-07-15 11:14:31.677704
13,28,5,2025-11-07 11:14:31.677777
13,11,4,2025-08-24 11:14:31.677854
13,32,4,2025-03-21 11:14:31.677929
14,25,4,2025-04-08 11:14:31.678017
14,39,5,2024-11-29 11:14:31.678088
14,40,3,2025-08-24 11:14:31.678162
14,15,4,2025-01-25 11:14:31.678233
14,47,4,2025-10-09 11:14:31.678307
14,12,4,2025-01-05 11:14:31.678379
14,26,3,2025-11-05 11:14:31.678451
14,24,4,2025-04-02 11:14:31.678523
14,10,4,2024-12-28 11:14:31.678595
14,13,3,2025-06-27 11:14:31.678666
14,1,4,2025-09-14 11:14:31.678739
14,33,4,2025-06-09 11:14:31.678810
14,32,3,2025-06-08 11:14:31.678882
14,46,4,2025-01-22 11:14:31.678955
14,8,4,2025-11-09 11:14:31.679026
14,30,4,2025-05-08 11:14:31.679101
14,22,3,2025-08-18 11:14:31.679172
14,23,3,2025-02-26 11:14:31.679245
14,3,2,2025-07-09 11:14:31.679357
14,4,4,2025-02-16 11:14:31.679434
14,19,4,2025-01-10 11:14:31.679508
14,20,4,2025-09-16 11:14:31.679580
14,16,3,2025-08-04 11:14:31.679651
14,11,3,2025-05-28 11:14:31.679726
15,30,5,2024-11-26 11:14:31.679807
15,39,4,2025-02-02 11:14:31.679885
15,15,3,2025-05-10 11:14:31.679956
15,2,3,2025-06-27 11:14:31.680031
15,31,5,2025-10-24 11:14:31.680100
15,32,4,2025-09-04 11:14:31.680177
15,24,5,2024-12-26 11:14:31.680247
15,7,3,2025-06-30 11:14:31.680320
15,35,5,2025-09-27 11:14:31.680391
15,26,4,2025-04-13 11:14:31.680464
15,21,5,2025-05-11 11:14:31.680537
15,29,5,2025-09-07 11:14:31.680608
16,28,3,2025-04-05 11:14:31.680702
16,35,5,2025-02-21 11:14:31.680772
16,41,4,2025-01-21 11:14:31.680849
16,8,3,2024-11-20 11:14:31.680919
16,4,4,2025-02-11 11:14:31.680992
16,25,3,2025-01-31 11:14:31.681063
16,19,4,2025-02-02 11:14:31.681135
16,13,4,2024-12-20 11:14:31.681208
16,1,3,2025-09-28 11:14:31.681280
16,7,3,2025-10-23 11:14:31.681350
16,15,3,2025-07-06 11:14:31.681423
16,32,4,2025-06-28 11:14:31.681494
17,13,4,2025-09-20 11:14:31.681577
17,5,5,2025-06-08 11:14:31.681650
17,32,4,2025-03-22 11:14:31.681722
17,43,3,2025-08-03 11:14:31.681795
17,33,4,2025-04-07 11:14:31.681866
17,4,5,2025-06-22 11:14:31.681937
17,2,2,2025-01-30 11:14:31.682008
17,48,5,2025-06-12 11:14:31.682080
17,36,5,2025-11-08 11:14:31.682151
17,42,3,2025-03-10 11:14:31.682221
17,15,2,2025-03-06 11:14:31.682294
17,17,5,2025-06-26 11:14:31.682365
17,44,3,2024-12-31 11:14:31.682435
17,18,4,2025-03-23 11:14:31.682509
17,16,3,2025-02-12 11:14:31.682579
18,9,5,2025-06-14 11:14:31.682664
18,47,5,2025-06-27 11:14:31.682742
18,13,4,2025-07-06 11:14:31.682814
18,14,3,2025-08-07 11:14:31.682887
18,15,2,2025-07-24 11:14:31.682961
18,34,5,2025-06-23 11:14:31.683033
18,10,4,2025-08-27 11:14:31.683104
18,37,4,2025-04-02 11:14:31.683177
18,18,5,2025-02-04 11:14:31.683247
18,16,4,2025-10-12 11:14:31.683328
18,30,4,2025-04-07 11:14:31.683400
18,41,3,2024-11-23 11:14:31.683480
18,6,3,2024-12-13 11:14:31.683552
18,25,2,2024-12-23 11:14:31.683623
18,23,3,2024-12-31 11:14:31.683695
18,0,3,2025-05-07 11:14:31.683766
19,25,2,2025-07-25 11:14:31.683851
19,18,5,2025-10-25 11:14:31.683920
19,24,4,2025-11-07 11:14:31.683989
20,42,4,2025-05-12 11:14:31.684071
20,29,5,2025-09-18 11:14:31.684139
20,46,2,2025-06-17 11:14:31.684207
20,21,5,2025-08-19 11:14:31.684279
20,39,3,2025-08-25 11:14:31.684347
20,37,4,2025-07-09 11:14:31.684417
20,26,3,2025-04-14 11:14:31.684484
20,32,4,2025-03-18 11:14:31.684554
20,25,3,2025-01-09 11:14:31.684622
20,7,4,2025-09-15 11:14:31.684689
20,16,5,2025-04-20 11:14:31.684759
20,45,4,2025-05-22 11:14:31.684827
20,3,2,2025-05-15 11:14:31.684895
21,21,4,2025-07-03 11:14:31.684976
21,44,4,2025-04-22 11:14:31.685047
21,45,4,2025-03-03 11:14:31.685118
21,5,4,2025-03-03 11:14:31.685188
21,29,5,2025-01-03 11:14:31.685257
21,26,4,2025-07-04 11:14:31.685325
21,13,4,2025-10-01 11:14:31.685395
21,22,5,2025-01-31 11:14:31.685465
21,46,4,2025-06-03 11:14:31.685532
21,30,5,2025-04-16 11:14:31.685603
21,4,3,2025-02-26 11:14:31.685671
21,2,3,2025-06-23 11:14:31.685743
21,35,5,2025-03-06 11:14:31.685811
22,41,4,2025-02-09 11:14:31.685898
22,25,3,2025-09-30 11:14:31.685972
22,45,5,2025-08-23 11:14:31.686042
22,0,2,2025-10-06 11:14:31.686111
22,37,5,2025-05-14 11:14:31.686180
22,5,5,2024-12-01 11:14:31.686247
22,32,3,2025-10-31 11:14:31.686319
22,3,3,2025-10-27 11:14:31.686387
23,42,4,2025-07-10 11:14:31.686468
23,38,4,2025-04-06 11:14:31.686536
23,18,5,2025-06-18 11:14:31.686606
23,10,3,2024-11-25 11:14:31.686674
23,48,3,2025-05-01 11:14:31.686743
23,23,3,2025-09-23 11:14:31.686810
23,21,5,2025-10-30 11:14:31.686880
23,5,5,2025-04-12 11:14:31.686948
23,29,4,2025-11-05 11:14:31.687017
23,39,4,2025-05-17 11:14:31.687085
23,35,5,2025-09-25 11:14:31.687155
23,14,4,2025-10-26 11:14:31.687222
23,40,4,2025-06-10 11:14:31.687289
23,27,5,2025-05-15 11:14:31.687357
23,22,5,2025-09-20 11:14:31.687424
23,17,5,2025-04-22 11:14:31.687496
23,30,3,2025-06-20 11:14:31.687566
24,24,4,2025-01-03 11:14:31.687649
24,34,5,2025-09-06 11:14:31.687719
24,36,3,2025-05-11 11:14:31.687790
24,11,3,2025-03-04 11:14:31.687858
24,25,3,2025-07-16 11:14:31.687929
24,7,3,2025-07-13 11:14:31.687996
24,1,5,2025-02-12 11:14:31.688065
24,20,5,2025-05-21 11:14:31.688133
24,22,5,2025-05-29 11:14:31.688203
24,45,4,2025-10-19 11:14:31.688271
24,23,4,2025-08-27 11:14:31.688339
24,21,5,2024-11-20 11:14:31.688410
24,47,4,2025-08-05 11:14:31.688477
24,42,3,2025-06-09 11:14:31.688545
24,28,4,2025-04-13 11:14:31.688614
24,0,3,2025-04-16 11:14:31.688682
24,48,2,2025-04-28 11:14:31.688752
24,12,4,2025-04-05 11:14:31.688820
24,2,3,2025-05-19 11:14:31.688889
25,12,4,2025-10-07 11:14:31.688971
25,22,4,2025-11-02 11:14:31.689039
25,35,4,2025-08-13 11:14:31.689112
25,38,3,2025-09-15 11:14:31.689180
25,29,4,2024-12-24 11:14:31.689251
25,7,3,2025-08-13 11:14:31.689320
25,15,4,2025-06-28 11:14:31.689389
25,28,5,2025-08-25 11:14:31.689458
25,48,3,2025-09-04 11:14:31.689526
25,34,4,2025-09-21 11:14:31.689595
25,44,4,2025-07-04 11:14:31.689663
25,9,2,2025-02-15 11:14:31.689732
25,46,3,2025-10-30 11:14:31.689798
25,21,5,2025-04-19 11:14:31.689901
26,28,5,2025-03-05 11:14:31.690001
26,29,4,2025-02-09 11:14:31.690079
26,41,3,2025-11-11 11:14:31.690149
26,12,4,2025-08-10 11:14:31.690217
26,36,4,2025-08-10 11:14:31.690291
26,0,4,2025-03-04 11:14:31.690359
26,38,3,2025-07-13 11:14:31.690425
26,45,5,2025-09-17 11:14:31.690495
26,16,4,2025-06-14 11:14:31.690561
26,46,3,2025-02-23 11:14:31.690630
26,3,3,2025-07-11 11:14:31.690697
26,8,4,2024-12-01 11:14:31.690765
26,42,3,2025-04-06 11:14:31.690833
26,23,3,2025-05-14 11:14:31.690903
26,15,2,2025-07-08 11:14:31.690970
27,6,4,2025-01-20 11:14:31.691048
27,7,3,2025-01-29 11:14:31.691119
27,31,4,2025-01-10 11:14:31.691185
27,5,4,2025-07-25 11:14:31.691250
27,12,5,2025-10-11 11:14:31.691318
27,9,3,2024-11-29 11:14:31.691384
27,22,5,2025-04-14 11:14:31.691450
27,30,4,2025-08-20 11:14:31.691517
28,31,3,2025-04-11 11:14:31.691608
28,1,3,2025-02-28 11:14:31.691674
28,10,4,2025-11-17 11:14:31.691739
28,11,5,2025-07-22 11:14:31.691809
28,36,5,2025-07-15 11:14:31.691875
28,4,4,2025-09-18 11:14:31.691976
29,15,3,2025-06-10 11:14:31.692131
29,43,4,2024-12-07 11:14:31.692205
29,46,3,2025-08-24 11:14:31.692278
29,31,5,2025-03-02 11:14:31.692346
29,41,4,2025-02-09 11:14:31.692414
29,38,3,2025-07-06 11:14:31.692487
29,9,4,2025-08-18 11:14:31.692571
29,26,2,2025-08-02 11:14:31.692643
29,6,3,2025-02-01 11:14:31.692709
29,27,4,2025-03-27 11:14:31.692777
29,18,5,2025-05-14 11:14:31.692849
29,17,4,2025-10-01 11:14:31.692916
29,33,5,2025-05-11 11:14:31.692984
29,5,4,2025-01-05 11:14:31.693053
29,37,4,2025-03-31 11:14:31.693118
29,40,4,2025-02-27 11:14:31.693187
29,24,4,2025-11-02 11:14:31.693258
29,44,5,2024-12-10 11:14:31.693325
29,39,5,2025-05-20 11:14:31.693394
29,25,3,2025-10-09 11:14:31.693461
29,13,4,2025-07-15 11:14:31.693527
29,30,4,2025-10-04 11:14:31.693595
29,21,4,2025-10-31 11:14:31.693661
29,45,4,2024-12-22 11:14:31.693731
29,28,5,2025-08-02 11:14:31.693796
30,45,5,2025-08-18 11:14:31.693874
30,13,4,2025-06-06 11:14:31.693939
30,42,4,2025-02-24 11:14:31.694007
30,35,5,2025-03-29 11:14:31.694077
30,15,5,2024-11-27 11:14:31.694145
30,21,4,2025-04-20 11:14:31.694210
30,5,4,2025-02-13 11:14:31.694276
30,39,5,2025-01-29 11:14:31.694342
30,10,4,2025-06-26 11:14:31.694409
30,2,4,2025-08-12 11:14:31.694475
30,43,3,2025-07-20 11:14:31.694541
30,9,3,2025-10-20 11:14:31.694609
30,20,5,2025-05-08 11:14:31.694674
30,12,4,2025-06-16 11:14:31.694742
30,31,5,2025-10-27 11:14:31.694806
30,6,4,2024-11-24 11:14:31.694874
30,8,4,2025-06-05 11:14:31.694944
31,22,3,2025-07-17 11:14:31.695020
31,21,4,2025-03-19 11:14:31.695086
31,14,4,2025-07-17 11:14:31.695153
31,8,4,2025-10-13 11:14:31.695219
31,45,4,2025-08-24 11:14:31.695288
31,20,4,2025-07-08 11:14:31.695352
31,37,5,2025-02-07 11:14:31.695419
31,23,4,2025-09-03 11:14:31.695484
31,39,3,2025-08-02 11:14:31.695549
31,2,3,2025-04-09 11:14:31.695616
31,48,4,2025-06-07 11:14:31.695683
31,43,2,2025-01-18 11:14:31.695748
31,25,2,2025-01-14 11:14:31.695813
32,42,4,2025-11-07 11:14:31.695890
32,35,4,2025-09-10 11:14:31.695958
32,19,4,2025-01-19 11:14:31.696023
32,40,3,2025-08-03 11:14:31.696091
32,15,4,2025-05-20 11:14:31.696155
32,13,4,2025-03-14 11:14:31.696221
32,8,5,2025-04-17 11:14:31.696285
32,11,3,2025-04-30 11:14:31.696351
32,9,4,2025-05-24 11:14:31.696423
32,14,4,2025-04-14 11:14:31.696491
32,1,5,2025-03-25 11:14:31.696555
32,26,3,2025-03-04 11:14:31.696621
32,32,4,2024-12-25 11:14:31.696685
32,37,5,2024-12-26 11:14:31.696749
33,40,5,2025-07-14 11:14:31.696826
33,26,3,2025-10-15 11:14:31.696890
33,19,4,2025-05-09 11:14:31.696956
33,10,3,2025-02-02 11:14:31.697020
33,5,3,2025-03-04 11:14:31.697085
33,43,3,2024-11-29 11:14:31.697150
33,22,4,2025-09-08 11:14:31.697214
33,27,4,2025-05-30 11:14:31.697279
33,41,3,2025-02-02 11:14:31.697353
33,25,3,2025-06-27 11:14:31.697418
33,3,4,2025-06-10 11:14:31.697485
33,0,4,2025-05-15 11:14:31.697548
33,34,5,2025-01-01 11:14:31.697615
34,44,4,2025-09-05 11:14:31.697691
34,37,4,2025-03-23 11:14:31.697758
34,39,3,2024-12-05 11:14:31.697822
34,14,3,2025-01-17 11:14:31.697888
34,8,5,2025-02-28 11:14:31.697952
34,34,4,2025-07-03 11:14:31.698018
34,11,5,2025-07-21 11:14:31.698081
34,1,3,2025-06-10 11:14:31.698145
34,40,3,2025-08-11 11:14:31.698210
34,6,2,2025-09-24 11:14:31.698275
34,10,3,2025-05-24 11:14:31.698340
34,15,3,2025-04-15 11:14:31.698404
34,5,4,2025-01-07 11:14:31.698471
35,17,5,2025-01-13 11:14:31.698545
35,43,3,2025-08-02 11:14:31.698608
35,5,4,2024-12-11 11:14:31.698674
35,7,2,2025-04-17 11:14:31.698738
35,0,4,2025-02-28 11:14:31.698804
35,26,4,2025-10-22 11:14:31.698868
35,41,4,2024-12-28 11:14:31.698932
35,38,3,2025-01-13 11:14:31.698997
35,35,5,2025-09-15 11:14:31.699062
35,1,4,2025-04-06 11:14:31.699127
35,25,3,2025-11-06 11:14:31.699191
35,39,3,2025-09-27 11:14:31.699268
35,34,4,2025-09-06 11:14:31.699333
35,40,4,2025-07-31 11:14:31.699401
35,28,4,2025-08-09 11:14:31.699471
35,31,5,2025-10-26 11:14:31.699534
35,13,4,2025-10-21 11:14:31.699600
35,47,4,2025-05-15 11:14:31.699666
35,14,4,2024-12-08 11:14:31.699740
35,2,2,2025-06-16 11:14:31.699804
35,33,5,2025-02-20 11:14:31.699870
36,46,4,2025-02-04 11:14:31.699945
36,9,4,2025-09-21 11:14:31.700009
36,42,3,2025-08-21 11:14:31.700071
36,16,4,2025-10-24 11:14:31.700136
36,13,4,2025-10-25 11:14:31.700199
36,4,4,2025-02-25 11:14:31.700264
36,30,5,2025-05-22 11:14:31.700326
36,22,5,2024-12-03 11:14:31.700392
36,17,4,2025-01-02 11:14:31.700459
36,27,5,2025-04-17 11:14:31.700524
36,34,4,2025-05-15 11:14:31.700587
36,1,3,2025-05-29 11:14:31.700651
36,25,3,2025-03-22 11:14:31.700716
36,23,4,2025-08-27 11:14:31.700783
37,18,5,2025-01-12 11:14:31.700859
37,39,3,2024-11-26 11:14:31.700923
37,6,4,2025-03-04 11:14:31.700990
37,36,4,2025-08-03 11:14:31.701053
37,22,4,2025-03-17 11:14:31.701118
37,1,4,2025-11-11 11:14:31.701181
37,43,3,2024-12-02 11:14:31.701245
37,34,3,2025-08-17 11:14:31.701308
37,27,5,2025-05-16 11:14:31.701372
37,41,4,2025-08-27 11:14:31.701438
37,3,4,2025-08-25 11:14:31.701501
37,8,5,2025-10-06 11:14:31.701565
37,28,5,2025-03-09 11:14:31.701629
37,48,4,2025-06-01 11:14:31.701696
38,5,3,2025-05-10 11:14:31.701774
38,7,3,2025-03-27 11:14:31.701840
38,11,4,2025-04-12 11:14:31.701912
38,4,5,2025-01-11 11:14:31.701975
38,46,3,2025-06-23 11:14:31.702042
38,38,5,2025-08-02 11:14:31.702104
38,45,5,2025-05-15 11:14:31.702168
38,14,4,2025-06-18 11:14:31.702230
38,22,4,2025-10-10 11:14:31.702293
38,10,5,2025-02-13 11:14:31.702354
38,37,4,2024-11-22 11:14:31.702417
38,18,5,2025-08-02 11:14:31.702479
38,40,4,2025-04-12 11:14:31.702547
38,15,3,2025-07-30 11:14:31.702610
39,40,5,2024-12-11 11:14:31.702686
39,39,5,2025-01-09 11:14:31.702748
39,46,2,2025-10-25 11:14:31.702814
39,11,3,2025-07-30 11:14:31.702876
39,15,3,2025-10-03 11:14:31.702941
39,10,4,2025-04-05 11:14:31.703003
39,13,5,2025-03-23 11:14:31.703067
39,21,3,2025-02-20 11:14:31.703129
40,15,3,2025-10-18 11:14:31.703202
40,13,4,2024-12-15 11:14:31.703265
40,17,4,2025-10-07 11:14:31.703333
40,36,3,2025-01-08 11:14:31.703395
40,11,4,2024-12-15 11:14:31.703460
40,18,5,2025-06-04 11:14:31.703521
40,41,5,2024-12-15 11:14:31.703586
40,30,3,2024-12-18 11:14:31.703647
40,32,3,2025-11-06 11:14:31.703712
40,43,4,2025-08-16 11:14:31.703774
40,25,3,2025-06-21 11:14:31.703837
40,2,4,2025-01-10 11:14:31.703899
40,4,3,2024-12-26 11:14:31.703963
40,34,5,2025-07-28 11:14:31.704026
41,41,3,2025-11-13 11:14:31.704098
41,37,4,2025-09-22 11:14:31.704160
41,24,4,2025-08-29 11:14:31.704223
41,9,3,2025-04-14 11:14:31.704284
41,20,4,2025-02-26 11:14:31.704346
41,44,4,2025-08-13 11:14:31.704409
41,19,3,2025-07-18 11:14:31.704471
42,12,4,2025-01-22 11:14:31.704543
42,16,4,2025-09-12 11:14:31.704605
42,6,4,2025-08-28 11:14:31.704670
42,35,5,2025-07-04 11:14:31.704732
42,17,5,2025-08-05 11:14:31.704792
42,13,4,2025-02-04 11:14:31.704858
42,11,4,2024-12-24 11:14:31.704920
42,7,2,2025-02-09 11:14:31.704985
42,22,4,2024-12-13 11:14:31.705047
42,32,4,2025-07-15 11:14:31.705110
42,10,4,2025-07-10 11:14:31.705173
42,4,4,2025-08-18 11:14:31.705236
42,39,2,2025-03-16 11:14:31.705298
43,48,4,2025-07-05 11:14:31.705370
43,1,4,2024-12-16 11:14:31.705435
43,21,4,2025-09-22 11:14:31.705498
43,28,5,2024-11-21 11:14:31.705559
43,20,5,2025-06-04 11:14:31.705624
43,11,4,2025-07-28 11:14:31.705686
43,25,3,2025-08-19 11:14:31.705750
43,37,4,2025-11-01 11:14:31.705812
43,8,4,2025-07-03 11:14:31.705876
43,47,5,2025-05-17 11:14:31.705939
43,23,3,2025-01-13 11:14:31.706002
43,43,3,2025-08-23 11:14:31.706065
43,14,3,2025-03-22 11:14:31.706128
43,36,5,2025-07-21 11:14:31.706191
43,7,3,2025-07-09 11:14:31.706254
43,6,3,2025-05-01 11:14:31.706316
44,10,4,2025-08-26 11:14:31.706391
44,1,5,2025-11-01 11:14:31.706459
44,14,4,2025-08-17 11:14:31.706580
44,47,4,2025-07-04 11:14:31.706688
44,7,3,2025-07-27 11:14:31.706771
44,43,3,2025-10-22 11:14:31.706850
44,17,3,2025-11-08 11:14:31.706926
44,25,2,2025-06-20 11:14:31.706997
44,32,4,2025-09-08 11:14:31.707067
44,19,4,2025-02-03 11:14:31.707136
44,36,4,2025-10-31 11:14:31.707208
44,41,3,2024-11-30 11:14:31.707275
44,29,5,2025-07-01 11:14:31.707352
44,13,4,2025-03-25 11:14:31.707538
44,37,5,2025-04-28 11:14:31.707660
44,40,4,2025-01-06 11:14:31.707748
44,42,5,2025-01-28 11:14:31.707831
44,30,5,2025-09-09 11:14:31.707904
45,22,4,2025-01-01 11:14:31.707996
45,19,4,2024-12-21 11:14:31.708067
45,37,4,2025-04-12 11:14:31.708138
45,9,5,2025-07-19 11:14:31.708209
45,3,3,2025-11-16 11:14:31.708278
45,5,4,2025-05-21 11:14:31.708348
45,35,5,2025-09-18 11:14:31.708415
45,26,4,2025-07-10 11:14:31.708483
45,17,5,2025-07-20 11:14:31.708558
46,10,4,2025-04-26 11:14:31.708635
46,45,5,2024-12-18 11:14:31.708702
46,43,4,2024-12-08 11:14:31.708767
46,36,3,2025-02-13 11:14:31.708831
46,20,5,2025-09-18 11:14:31.708898
46,0,4,2025-01-29 11:14:31.708963
46,39,5,2025-04-11 11:14:31.709029
46,23,4,2025-09-19 11:14:31.709094
46,34,3,2025-06-16 11:14:31.709161
46,37,4,2025-08-01 11:14:31.709226
46,12,5,2025-02-14 11:14:31.709293
46,32,3,2025-09-06 11:14:31.709358
47,16,5,2025-05-16 11:14:31.709434
47,40,4,2025-01-19 11:14:31.709503
47,9,5,2025-02-01 11:14:31.709577
47,46,3,2024-11-28 11:14:31.709643
47,24,4,2025-05-20 11:14:31.709708
47,33,4,2024-11-29 11:14:31.709771
47,8,5,2025-11-16 11:14:31.709838
47,29,5,2025-07-04 11:14:31.709902
47,39,4,2024-12-15 11:14:31.709968
47,48,4,2025-10-31 11:14:31.710033
47,30,4,2025-06-01 11:14:31.710099
47,18,4,2025-06-19 11:14:31.710163
47,25,3,2025-02-16 11:14:31.710229
47,42,4,2025-07-03 11:14:31.710293
47,10,4,2025-08-01 11:14:31.710358
47,41,4,2025-05-12 11:14:31.710422
47,1,3,2025-01-08 11:14:31.710487
47,28,3,2025-09-30 11:14:31.710551
47,12,3,2025-03-18 11:14:31.710616
48,38,4,2025-11-06 11:14:31.710695
48,23,4,2025-04-03 11:14:31.710759
48,1,3,2025-01-01 11:14:31.710825
48,37,4,2024-11-20 11:14:31.710889
48,8,5,2025-01-24 11:14:31.710955
48,2,2,2025-07-14 11:14:31.711019
48,12,4,2024-12-14 11:14:31.711085
48,34,3,2025-10-05 11:14:31.711150
48,29,5,2025-03-25 11:14:31.711214
48,5,3,2025-04-18 11:14:31.711286
48,42,5,2025-08-23 11:14:31.711351
48,25,3,2025-03-25 11:14:31.711414
48,32,3,2025-04-10 11:14:31.711481
48,39,4,2025-08-16 11:14:31.711540
48,30,5,2025-04-11 11:14:31.711601
48,28,4,2025-01-14 11:14:31.711660
48,15,3,2025-07-23 11:14:31.711720
49,15,2,2025-05-11 11:14:31.711792
49,0,4,2025-03-26 11:14:31.711852
49,20,5,2024-11-29 11:14:31.711914
49,8,4,2025-04-10 11:14:31.711973
49,25,4,2025-01-10 11:14:31.712040
49,48,3,2025-04-07 11:14:31.712099
49,45,5,2025-02-27 11:14:31.712161
49,30,4,2025-11-01 11:14:31.712223
49,21,4,2025-08-05 11:14:31.712286
49,26,3,2025-06-05 11:14:31.712349
49,24,3,2025-11-06 11:14:31.712410
49,35,4,2025-08-29 11:14:31.712470
49,1,4,2024-12-21 11:14:31.712531
49,17,4,2025-10-12 11:14:31.712591
49,5,5,2025-04-22 11:14:31.712650
49,46,2,2025-10-02 11:14:31.712712
49,4,4,2025-11-01 11:14:31.712772
49,34,4,2025-05-16 11:14:31.712833
49,12,4,2024-12-09 11:14:31.712893
49,3,4,2024-12-17 11:14:31.712953
49,16,4,2025-04-04 11:14:31.713014
49,42,5,2025-05-15 11:14:31.713073
50,10,4,2025-02-19 11:14:31.713146
50,20,3,2025-09-22 11:14:31.713205
50,18,5,2025-01-08 11:14:31.713263
50,0,4,2025-07-31 11:14:31.713325
50,41,3,2025-06-16 11:14:31.713385
50,1,5,2025-05-14 11:14:31.713448
50,26,3,2025-04-23 11:14:31.713507
50,32,3,2025-02-06 11:14:31.713569
50,19,5,2025-02-23 11:14:31.713628
50,48,4,2025-06-01 11:14:31.713688
50,6,4,2025-07-26 11:14:31.713748
50,45,3,2025-06-29 11:14:31.713809
50,40,4,2025-09-27 11:14:31.713871
50,17,5,2025-05-23 11:14:31.713930
51,3,3,2025-08-07 11:14:31.714009
51,38,3,2025-02-19 11:14:31.714072
51,1,4,2025-11-13 11:14:31.714133
51,23,3,2025-10-12 11:14:31.714193
51,41,4,2025-07-23 11:14:31.714253
51,36,4,2025-04-19 11:14:31.714312
51,30,5,2025-04-15 11:14:31.714373
51,22,4,2025-02-23 11:14:31.714434
51,35,5,2025-01-15 11:14:31.714492
51,20,5,2025-04-05 11:14:31.714555
51,40,5,2025-03-17 11:14:31.714613
51,19,5,2025-03-12 11:14:31.714675
51,21,4,2024-11-29 11:14:31.714735
51,2,3,2025-02-08 11:14:31.714796
51,12,4,2025-04-23 11:14:31.714855
51,4,4,2025-04-25 11:14:31.714916
51,25,3,2025-07-05 11:14:31.714975
52,10,3,2025-01-29 11:14:31.715045
52,12,4,2025-01-21 11:14:31.715106
52,46,3,2025-10-25 11:14:31.715175
52,36,4,2025-07-30 11:14:31.715234
52,28,4,2024-11-20 11:14:31.715292
52,7,4,2025-11-01 11:14:31.715361
52,38,4,2025-06-23 11:14:31.715420
52,21,5,2025-06-21 11:14:31.715481
52,43,4,2025-05-11 11:14:31.715542
52,37,4,2024-12-09 11:14:31.715600
52,48,4,2025-05-23 11:14:31.715668
52,34,4,2025-03-27 11:14:31.715735
52,45,5,2025-05-22 11:14:31.715806
52,5,3,2025-03-27 11:14:31.715866
52,0,3,2024-11-26 11:14:31.715927
52,6,5,2025-05-15 11:14:31.715997
52,29,5,2025-01-16 11:14:31.716056
53,6,5,2025-09-08 11:14:31.716127
53,22,5,2025-02-09 11:14:31.716188
53,3,3,2025-02-23 11:14:31.716247
53,1,3,2025-06-09 11:14:31.716309
53,18,5,2025-09-20 11:14:31.716368
53,36,4,2025-10-24 11:14:31.716433
53,41,5,2025-01-20 11:14:31.716491
53,10,2,2025-05-05 11:14:31.716556
53,34,4,2025-09-21 11:14:31.716614
53,17,5,2025-02-19 11:14:31.716675
53,23,4,2025-03-15 11:14:31.716742
53,19,4,2025-10-06 11:14:31.716804
53,26,3,2025-10-31 11:14:31.716863
53,43,4,2025-08-11 11:14:31.716923
53,13,5,2025-06-09 11:14:31.716984
53,31,5,2024-11-24 11:14:31.717043
54,44,4,2025-09-20 11:14:31.717115
54,20,5,2025-08-13 11:14:31.717174
54,30,4,2024-12-04 11:14:31.717238
54,4,4,2025-07-20 11:14:31.717298
54,47,4,2025-08-18 11:14:31.717358
54,39,4,2025-11-13 11:14:31.717418
54,17,5,2025-08-15 11:14:31.717479
54,38,3,2025-04-04 11:14:31.717551
54,19,4,2024-12-31 11:14:31.717614
54,9,4,2025-08-05 11:14:31.717683
54,48,4,2025-01-26 11:14:31.717753
54,24,4,2025-04-19 11:14:31.717812
55,6,4,2025-03-06 11:14:31.717884
55,45,4,2025-09-26 11:14:31.717943
55,40,4,2024-12-23 11:14:31.718002
55,23,4,2025-05-16 11:14:31.718064
55,48,4,2024-12-08 11:14:31.718123
55,7,2,2025-01-25 11:14:31.718185
55,5,3,2025-09-04 11:14:31.718244
55,26,4,2025-03-18 11:14:31.718305
55,29,3,2025-07-12 11:14:31.718380
55,46,3,2025-09-01 11:14:31.718462
55,37,4,2025-09-08 11:14:31.718555
55,25,3,2025-09-17 11:14:31.718620
56,40,3,2025-10-16 11:14:31.718694
56,23,4,2025-07-01 11:14:31.718754
56,41,3,2024-12-25 11:14:31.718819
56,0,3,2025-04-02 11:14:31.718891
56,43,4,2025-07-26 11:14:31.718955
56,1,3,2025-03-25 11:14:31.719015
56,38,3,2025-02-04 11:14:31.719074
56,17,5,2025-09-30 11:14:31.719132
56,5,3,2025-07-16 11:14:31.719193
56,8,4,2025-09-05 11:14:31.719260
56,33,5,2025-01-23 11:14:31.719326
56,21,4,2025-02-02 11:14:31.719386
56,36,4,2025-08-16 11:14:31.719445
56,10,3,2025-07-07 11:14:31.719506
56,30,5,2024-12-13 11:14:31.719564
56,24,4,2025-05-14 11:14:31.719625
56,34,4,2025-07-04 11:14:31.719684
57,44,4,2025-08-15 11:14:31.719754
57,13,4,2025-02-26 11:14:31.719812
57,4,3,2024-12-21 11:14:31.719873
57,19,4,2024-11-23 11:14:31.719932
57,22,3,2025-03-18 11:14:31.719992
57,8,5,2025-04-25 11:14:31.720051
57,42,3,2025-03-22 11:14:31.720110
57,5,4,2024-11-21 11:14:31.720169
57,26,3,2025-11-07 11:14:31.720227
57,24,3,2025-09-07 11:14:31.720286
57,18,5,2024-12-02 11:14:31.720344
57,2,3,2025-04-07 11:14:31.720402
57,12,4,2025-09-14 11:14:31.720459
57,33,5,2025-01-02 11:14:31.720517
57,17,5,2025-06-13 11:14:31.720574
57,21,5,2025-09-23 11:14:31.720634
57,7,3,2025-07-17 11:14:31.720691
57,28,5,2024-11-25 11:14:31.720751
57,32,3,2024-12-20 11:14:31.720810
57,35,5,2024-11-27 11:14:31.720869
57,39,3,2025-07-14 11:14:31.720928
58,23,3,2025-04-27 11:14:31.720994
58,9,4,2024-12-19 11:14:31.721056
58,36,4,2025-08-01 11:14:31.721114
58,10,2,2025-05-13 11:14:31.721177
58,27,5,2025-03-13 11:14:31.721235
58,1,4,2025-04-21 11:14:31.721294
58,25,3,2024-12-28 11:14:31.721352
58,33,5,2025-08-16 11:14:31.721415
58,37,5,2025-04-14 11:14:31.721475
58,8,3,2025-08-22 11:14:31.721533
58,16,4,2024-12-11 11:14:31.721594
58,34,3,2025-08-15 11:14:31.721653
58,14,5,2025-04-15 11:14:31.721712
58,38,2,2025-11-03 11:14:31.721770
58,30,4,2025-07-31 11:14:31.721829
58,0,4,2025-07-13 11:14:31.721888
58,28,5,2024-12-28 11:14:31.721946
58,48,3,2025-11-11 11:14:31.722007
58,46,2,2025-07-11 11:14:31.722065
59,16,4,2025-03-01 11:14:31.722135
59,47,4,2025-02-25 11:14:31.722196
59,0,4,2025-07-02 11:14:31.722257
59,30,5,2025-09-29 11:14:31.722316
59,29,4,2025-08-22 11:14:31.722374
59,23,4,2025-07-24 11:14:31.722435
59,44,5,2025-11-12 11:14:31.722493
59,1,4,2025-07-20 11:14:31.722553
59,5,4,2025-04-18 11:14:31.722611
59,32,4,2025-02-13 11:14:31.722670
59,17,5,2025-01-10 11:14:31.722728
59,13,3,2025-10-24 11:14:31.722787
60,44,5,2025-11-11 11:14:31.722856
60,40,5,2025-03-20 11:14:31.722914
60,42,3,2025-07-19 11:14:31.722975
60,7,4,2025-06-26 11:14:31.723032
60,45,5,2025-06-16 11:14:31.723090
60,25,2,2025-10-03 11:14:31.723169
60,23,3,2025-03-13 11:14:31.723260
60,36,5,2025-11-02 11:14:31.723337
60,10,3,2025-10-11 11:14:31.723405
60,20,5,2025-06-14 11:14:31.723471
60,12,4,2025-02-14 11:14:31.723540
60,31,5,2025-04-11 11:14:31.723601
60,3,3,2025-01-31 11:14:31.723662
61,33,5,2025-09-12 11:14:31.723743
61,12,4,2025-08-13 11:14:31.723804
61,41,3,2025-08-18 11:14:31.723868
61,28,4,2025-05-18 11:14:31.723937
61,13,4,2025-08-26 11:14:31.724013
61,3,3,2025-06-05 11:14:31.724105
61,44,4,2025-04-09 11:14:31.724182
61,16,5,2025-02-27 11:14:31.724243
61,31,3,2025-06-22 11:14:31.724304
61,15,3,2025-10-08 11:14:31.724364
62,17,4,2025-11-07 11:14:31.724439
62,10,3,2024-12-09 11:14:31.724502
62,23,3,2025-02-13 11:14:31.724562
62,13,4,2025-06-01 11:14:31.724621
62,39,5,2025-10-25 11:14:31.724683
62,0,4,2025-11-01 11:14:31.724742
62,1,5,2025-01-04 11:14:31.724804
62,35,4,2025-08-19 11:14:31.724864
62,40,3,2025-07-31 11:14:31.724924
62,44,5,2025-07-05 11:14:31.724982
63,46,3,2024-12-06 11:14:31.725053
63,47,4,2025-10-22 11:14:31.725113
63,40,5,2025-05-23 11:14:31.725173
63,37,4,2025-06-04 11:14:31.725232
63,16,5,2025-08-31 11:14:31.725292
63,21,5,2025-01-13 11:14:31.725351
63,18,5,2025-06-22 11:14:31.725409
63,20,5,2025-05-30 11:14:31.725467
63,0,3,2025-10-04 11:14:31.725526
63,8,3,2025-08-26 11:14:31.725585
63,42,5,2025-09-15 11:14:31.725644
63,39,3,2024-12-11 11:14:31.725701
64,39,4,2025-01-01 11:14:31.725772
64,38,3,2025-06-04 11:14:31.725832
64,3,3,2025-04-08 11:14:31.725893
64,36,3,2025-06-20 11:14:31.725951
64,2,2,2025-10-15 11:14:31.726011
64,18,5,2025-05-13 11:14:31.726071
64,21,4,2025-07-16 11:14:31.726129
64,9,4,2024-12-09 11:14:31.726188
65,40,3,2025-03-06 11:14:31.726258
65,11,3,2025-08-06 11:14:31.726317
65,1,4,2025-11-11 11:14:31.726377
65,28,3,2025-03-08 11:14:31.726435
65,13,5,2025-11-10 11:14:31.726494
65,48,4,2025-10-13 11:14:31.726553
65,27,3,2025-09-06 11:14:31.726612
65,4,5,2025-09-20 11:14:31.726670
65,29,5,2025-02-13 11:14:31.726729
65,21,5,2024-12-13 11:14:31.726789
65,2,3,2025-06-21 11:14:31.726848
65,43,2,2025-05-06 11:14:31.726908
65,42,3,2025-04-10 11:14:31.726966
65,25,2,2025-07-12 11:14:31.727025
65,16,4,2025-06-19 11:14:31.727086
65,12,5,2025-08-05 11:14:31.727150
65,36,5,2025-09-10 11:14:31.727207
65,7,2,2025-09-05 11:14:31.727267
65,3,3,2024-12-14 11:14:31.727325
66,11,5,2025-07-27 11:14:31.727395
66,30,4,2025-09-05 11:14:31.727453
66,2,3,2025-06-06 11:14:31.727514
66,10,4,2025-05-27 11:14:31.727572
66,20,4,2025-10-29 11:14:31.727632
66,0,3,2025-01-08 11:14:31.727690
66,39,5,2024-12-26 11:14:31.727750
66,4,3,2025-04-19 11:14:31.727811
66,22,5,2025-09-21 11:14:31.727870
67,23,4,2025-10-16 11:14:31.727940
67,9,3,2024-12-05 11:14:31.727998
67,11,3,2025-08-13 11:14:31.728056
67,41,3,2025-05-11 11:14:31.728114
67,12,3,2025-03-11 11:14:31.728171
67,24,4,2024-12-07 11:14:31.728232
67,47,4,2025-01-13 11:14:31.728290
67,36,2,2025-08-22 11:14:31.728350
67,8,4,2025-09-24 11:14:31.728408
67,27,3,2025-03-19 11:14:31.728474
68,47,5,2025-08-05 11:14:31.728544
68,39,5,2025-08-06 11:14:31.728603
68,2,3,2025-01-05 11:14:31.728663
68,12,4,2025-02-02 11:14:31.728721
68,23,4,2025-11-01 11:14:31.728780
68,11,4,2025-05-21 11:14:31.728837
68,28,4,2025-01-28 11:14:31.728897
68,25,2,2025-05-14 11:14:31.728954
68,22,5,2025-05-21 11:14:31.729013
68,46,3,2025-02-06 11:14:31.729074
68,14,4,2024-12-31 11:14:31.729133
68,6,5,2025-09-09 11:14:31.729191
68,17,5,2025-01-27 11:14:31.729249
68,0,3,2025-09-10 11:14:31.729308
68,13,4,2025-01-18 11:14:31.729366
68,30,3,2025-09-28 11:14:31.729425
68,35,4,2024-12-20 11:14:31.729483
68,48,4,2025-11-10 11:14:31.729541
68,40,4,2025-07-14 11:14:31.729599
68,10,3,2025-10-30 11:14:31.729658
68,37,4,2025-10-26 11:14:31.729716
68,41,3,2025-08-28 11:14:31.729776
68,9,3,2025-01-07 11:14:31.729833
68,26,3,2025-08-12 11:14:31.729894
69,6,2,2025-05-22 11:14:31.729964
69,9,3,2025-01-21 11:14:31.730022
69,12,3,2025-04-27 11:14:31.730082
69,36,3,2025-06-25 11:14:31.730140
69,8,5,2025-11-17 11:14:31.730199
69,27,4,2025-07-02 11:14:31.730257
69,25,2,2024-12-28 11:14:31.730316
69,3,2,2025-07-13 11:14:31.730374
69,38,5,2025-03-25 11:14:31.730433
70,23,4,2025-11-09 11:14:31.730505
70,7,3,2025-04-05 11:14:31.730563
70,11,3,2025-07-16 11:14:31.730622
70,41,3,2025-07-27 11:14:31.730692
70,3,2,2025-05-12 11:14:31.730750
70,34,5,2025-04-29 11:14:31.730809
70,33,5,2025-09-24 11:14:31.730867
70,18,5,2025-09-18 11:14:31.730924
70,16,5,2025-06-17 11:14:31.730982
71,11,4,2025-10-03 11:14:31.731049
71,46,3,2025-03-17 11:14:31.731107
71,19,3,2025-10-31 11:14:31.731166
71,2,3,2025-06-18 11:14:31.731223
71,41,3,2025-06-18 11:14:31.731282
71,18,5,2025-05-22 11:14:31.731340
71,5,3,2025-07-11 11:14:31.731399
71,40,4,2025-02-19 11:14:31.731456
71,44,4,2025-09-04 11:14:31.731517
72,26,4,2025-08-24 11:14:31.731586
72,18,5,2025-03-10 11:14:31.731644
72,4,3,2025-01-19 11:14:31.731705
72,16,4,2025-05-16 11:14:31.731763
72,22,4,2025-10-04 11:14:31.731822
72,17,5,2025-01-01 11:14:31.731880
72,33,5,2025-08-11 11:14:31.731946
72,31,3,2025-10-06 11:14:31.732005
72,46,2,2025-03-26 11:14:31.732064
72,20,4,2025-07-19 11:14:31.732133
72,37,4,2025-03-18 11:14:31.732193
73,3,4,2024-11-30 11:14:31.732260
73,17,5,2025-07-10 11:14:31.732317
73,35,4,2024-12-16 11:14:31.732378
73,21,5,2025-08-30 11:14:31.732435
73,12,4,2024-12-24 11:14:31.732496
74,43,4,2025-02-03 11:14:31.732562
74,3,2,2025-01-10 11:14:31.732623
74,34,4,2025-03-20 11:14:31.732685
74,15,3,2025-02-09 11:14:31.732752
74,24,5,2025-09-06 11:14:31.732836
74,12,5,2025-10-18 11:14:31.732900
74,4,4,2025-03-30 11:14:31.732961
75,37,4,2025-11-01 11:14:31.733033
75,15,3,2025-05-21 11:14:31.733095
75,44,5,2025-11-06 11:14:31.733154
75,25,2,2025-08-07 11:14:31.733211
75,18,5,2025-05-17 11:14:31.733270
75,24,3,2025-08-03 11:14:31.733331
75,5,4,2025-06-16 11:14:31.733389
75,13,5,2025-03-06 11:14:31.733446
75,43,3,2025-07-15 11:14:31.733504
76,30,4,2025-03-08 11:14:31.733572
76,40,4,2025-05-21 11:14:31.733629
76,25,3,2025-02-08 11:14:31.733687
76,24,4,2025-04-07 11:14:31.733746
76,1,4,2024-12-21 11:14:31.733803
76,26,3,2025-09-22 11:14:31.733864
76,21,2,2025-09-02 11:14:31.733925
76,43,3,2025-05-22 11:14:31.733986
76,13,3,2025-10-17 11:14:31.734044
76,48,4,2025-08-10 11:14:31.734103
76,19,3,2025-03-08 11:14:31.734161
76,29,4,2025-04-12 11:14:31.734219
76,17,4,2025-08-28 11:14:31.734276
76,7,2,2025-11-15 11:14:31.734336
76,33,4,2024-12-03 11:14:31.734394
76,45,5,2025-02-11 11:14:31.734452
77,12,4,2025-08-31 11:14:31.734522
77,21,5,2025-05-18 11:14:31.734580
77,20,5,2025-05-08 11:14:31.734638
77,30,4,2025-04-19 11:14:31.734698
77,48,4,2025-03-22 11:14:31.734756
77,41,4,2025-07-18 11:14:31.734818
77,45,5,2025-01-11 11:14:31.734879
77,7,2,2025-05-07 11:14:31.734938
77,23,4,2024-12-11 11:14:31.735015
77,29,5,2025-03-18 11:14:31.735094
77,32,3,2025-06-16 11:14:31.735184
77,31,4,2025-11-03 11:14:31.735248
77,18,4,2025-10-13 11:14:31.735307
77,42,4,2024-12-21 11:14:31.735369
77,10,4,2025-04-27 11:14:31.735428
77,40,5,2025-09-18 11:14:31.735488
77,37,5,2025-10-31 11:14:31.735553
77,5,4,2025-01-23 11:14:31.735612
78,36,3,2025-01-11 11:14:31.735681
78,24,5,2025-11-14 11:14:31.735741
78,22,4,2025-07-22 11:14:31.735801
78,29,3,2025-09-23 11:14:31.735861
78,2,3,2025-08-18 11:14:31.735920
78,46,3,2025-03-27 11:14:31.735980
78,14,4,2025-02-15 11:14:31.736039
78,11,3,2025-06-19 11:14:31.736100
78,21,3,2025-07-15 11:14:31.736159
78,17,4,2025-05-31 11:14:31.736220
78,15,3,2025-08-02 11:14:31.736278
79,13,5,2025-02-06 11:14:31.736348
79,32,3,2025-04-24 11:14:31.736407
79,23,4,2025-07-13 11:14:31.736467
79,24,4,2025-02-21 11:14:31.736527
79,10,2,2025-05-15 11:14:31.736585
79,0,4,2025-04-22 11:14:31.736645
79,9,5,2025-09-04 11:14:31.736706
79,33,3,2025-08-02 11:14:31.736764
79,28,5,2025-07-13 11:14:31.736826
79,14,3,2025-08-15 11:14:31.736885
79,2,3,2025-08-08 11:14:31.736945
79,15,1,2025-10-23 11:14:31.737003
79,36,4,2025-04-13 11:14:31.737063
80,38,4,2025-08-03 11:14:31.737134
80,16,5,2025-03-12 11:14:31.737192
80,2,4,2025-07-23 11:14:31.737253
80,25,3,2025-10-05 11:14:31.737311
80,23,4,2025-01-09 11:14:31.737373
80,26,3,2025-02-21 11:14:31.737433
80,40,3,2025-09-02 11:14:31.737491
80,48,4,2025-11-16 11:14:31.737550
80,20,5,2025-04-19 11:14:31.737608
80,12,4,2024-12-22 11:14:31.737667
80,39,4,2025-08-18 11:14:31.737728
80,43,4,2025-01-01 11:14:31.737787
80,9,3,2025-11-15 11:14:31.737845
80,28,4,2025-09-28 11:14:31.737905
80,18,5,2025-07-08 11:14:31.737964
80,41,4,2025-04-14 11:14:31.738022
80,46,4,2025-04-28 11:14:31.738080
80,0,2,2025-11-15 11:14:31.738144
80,14,3,2025-06-20 11:14:31.738203
81,44,4,2025-11-08 11:14:31.738272
81,33,4,2024-11-22 11:14:31.738332
81,30,5,2025-07-26 11:14:31.738392
81,18,5,2025-09-05 11:14:31.738452
81,23,4,2025-03-27 11:14:31.738512
81,32,3,2025-01-26 11:14:31.738571
81,40,4,2025-10-30 11:14:31.738631
81,48,3,2025-05-04 11:14:31.738690
82,3,3,2025-02-12 11:14:31.738758
82,8,5,2025-05-14 11:14:31.738821
82,40,4,2025-10-12 11:14:31.738880
82,33,4,2025-04-07 11:14:31.738939
82,45,4,2025-10-02 11:14:31.739001
82,13,4,2024-12-03 11:14:31.739060
82,43,4,2025-05-21 11:14:31.739118
82,47,4,2025-07-17 11:14:31.739178
82,36,4,2025-11-16 11:14:31.739237
83,48,5,2024-12-08 11:14:31.739305
83,14,4,2025-04-03 11:14:31.739365
83,21,4,2025-03-03 11:14:31.739424
83,36,4,2025-03-10 11:14:31.739485
83,15,3,2025-06-28 11:14:31.739547
83,25,3,2025-03-05 11:14:31.739608
83,7,2,2025-06-23 11:14:31.739667
84,23,4,2024-12-26 11:14:31.739739
84,31,4,2025-04-18 11:14:31.739808
84,29,5,2025-10-08 11:14:31.739882
85,38,4,2025-02-21 11:14:31.739970
85,31,4,2025-03-15 11:14:31.740063
85,27,5,2025-04-15 11:14:31.740144
85,3,3,2025-07-27 11:14:31.740212
85,37,3,2025-10-01 11:14:31.740275
85,30,4,2025-10-24 11:14:31.740337
85,32,4,2025-07-10 11:14:31.740412
85,29,4,2025-02-16 11:14:31.740472
85,18,5,2025-10-22 11:14:31.740532
85,34,4,2024-12-21 11:14:31.740592
85,7,2,2025-07-30 11:14:31.740658
85,10,3,2025-02-06 11:14:31.740744
85,25,3,2025-09-15 11:14:31.740815
85,13,3,2024-12-29 11:14:31.740877
85,36,3,2025-05-22 11:14:31.740936
86,5,4,2025-08-05 11:14:31.741008
86,23,3,2025-10-18 11:14:31.741068
86,11,4,2025-08-11 11:14:31.741128
86,10,4,2025-06-26 11:14:31.741187
86,9,4,2025-07-28 11:14:31.741247
86,41,3,2025-06-29 11:14:31.741306
86,26,4,2024-12-19 11:14:31.741365
86,7,3,2024-12-05 11:14:31.741426
86,34,4,2025-05-31 11:14:31.741492
86,37,3,2025-04-02 11:14:31.741716
86,12,5,2025-07-28 11:14:31.741795
86,36,3,2025-09-18 11:14:31.741879
86,22,5,2025-10-30 11:14:31.741949
86,24,4,2025-09-22 11:14:31.742016
86,46,3,2024-12-01 11:14:31.742080
86,29,4,2025-08-19 11:14:31.742142
87,17,4,2025-03-09 11:14:31.742229
87,26,4,2025-11-16 11:14:31.742298
87,10,2,2025-10-24 11:14:31.742357
87,5,5,2025-05-05 11:14:31.742417
87,27,5,2025-01-24 11:14:31.742483
87,0,4,2025-04-29 11:14:31.742544
87,22,4,2025-11-08 11:14:31.742603
87,20,3,2025-08-26 11:14:31.742661
87,7,4,2025-08-11 11:14:31.742720
87,9,4,2025-07-28 11:14:31.742778
87,45,5,2025-03-09 11:14:31.742836
87,23,4,2025-08-13 11:14:31.742895
88,1,4,2025-07-25 11:14:31.742966
88,16,4,2025-02-06 11:14:31.743025
88,2,3,2025-06-18 11:14:31.743090
88,41,4,2025-05-27 11:14:31.743151
88,3,5,2025-07-08 11:14:31.743209
88,33,4,2025-10-04 11:14:31.743268
88,37,5,2024-12-24 11:14:31.743327
88,5,4,2025-02-19 11:14:31.743386
89,44,4,2025-04-23 11:14:31.743458
89,7,3,2025-01-30 11:14:31.743517
89,31,3,2025-05-30 11:14:31.743577
89,41,3,2024-11-28 11:14:31.743635
89,0,3,2025-07-03 11:14:31.743696
90,29,5,2025-04-18 11:14:31.743765
90,46,3,2025-02-25 11:14:31.743823
90,4,4,2025-09-11 11:14:31.743898
90,36,5,2025-08-17 11:14:31.743955
90,35,5,2025-05-29 11:14:31.744015
90,6,4,2025-04-06 11:14:31.744072
90,37,4,2025-11-17 11:14:31.744132
90,32,5,2025-05-23 11:14:31.744189
91,47,4,2025-01-20 11:14:31.744258
91,30,4,2025-05-31 11:14:31.744315
91,43,4,2025-05-25 11:14:31.744377
91,27,4,2025-09-03 11:14:31.744434
91,9,3,2024-12-29 11:14:31.744494
91,22,4,2025-04-19 11:14:31.744553
91,17,5,2025-01-18 11:14:31.744611
91,8,4,2025-06-26 11:14:31.744668
91,10,4,2025-09-20 11:14:31.744728
91,39,5,2025-01-12 11:14:31.744786
91,3,2,2025-10-21 11:14:31.744847
91,23,4,2025-06-21 11:14:31.744905
91,13,4,2025-02-03 11:14:31.744963
91,16,5,2025-06-19 11:14:31.745021
91,35,5,2025-05-17 11:14:31.745078
91,38,2,2025-08-18 11:14:31.745138
92,21,4,2025-01-06 11:14:31.745217
92,41,3,2025-08-08 11:14:31.745276
92,13,3,2025-09-25 11:14:31.745336
92,47,3,2025-04-07 11:14:31.745394
92,28,5,2025-03-27 11:14:31.745453
92,27,4,2025-05-21 11:14:31.745512
92,36,4,2025-05-04 11:14:31.745571
92,34,5,2025-01-08 11:14:31.745629
92,40,3,2025-02-07 11:14:31.745688
92,14,4,2025-04-01 11:14:31.745749
92,30,4,2025-03-08 11:14:31.745807
92,25,4,2025-05-16 11:14:31.745867
92,1,4,2025-02-04 11:14:31.745925
92,4,4,2025-04-06 11:14:31.745984
92,0,4,2025-01-03 11:14:31.746044
92,42,3,2024-12-06 11:14:31.746102
92,11,4,2024-11-29 11:14:31.746163
92,7,4,2025-08-11 11:14:31.746221
92,35,4,2025-08-24 11:14:31.746281
93,15,3,2025-05-15 11:14:31.746350
93,0,4,2024-12-20 11:14:31.746409
93,35,5,2025-11-10 11:14:31.746468
93,38,4,2025-06-23 11:14:31.746526
93,5,3,2025-06-26 11:14:31.746586
93,39,4,2024-12-17 11:14:31.746646
93,32,4,2025-10-07 11:14:31.746705
93,23,2,2024-12-17 11:14:31.746764
93,40,4,2025-07-07 11:14:31.746834
93,12,4,2025-06-14 11:14:31.746899
93,24,3,2024-12-28 11:14:31.746956
93,30,4,2024-12-16 11:14:31.747015
93,6,3,2024-12-10 11:14:31.747072
93,33,5,2025-02-02 11:14:31.747129
93,18,5,2025-06-04 11:14:31.747192
94,36,4,2025-03-22 11:14:31.747261
94,15,3,2025-04-03 11:14:31.747329
94,41,2,2025-06-16 11:14:31.747389
94,2,3,2025-03-14 11:14:31.747446
94,5,4,2025-08-28 11:14:31.747505
94,18,5,2024-12-31 11:14:31.747565
94,44,5,2025-03-01 11:14:31.747623
94,14,3,2025-02-02 11:14:31.747682
94,37,5,2024-11-22 11:14:31.747740
94,8,5,2025-07-27 11:14:31.747800
94,24,5,2025-04-23 11:14:31.747857
94,40,4,2025-02-11 11:14:31.747917
94,31,4,2025-09-02 11:14:31.747975
94,29,5,2025-07-23 11:14:31.748034
95,43,4,2025-02-28 11:14:31.748103
95,16,5,2025-09-23 11:14:31.748161
95,41,3,2025-08-24 11:14:31.748221
95,38,3,2025-03-22 11:14:31.748278
95,25,3,2025-08-27 11:14:31.748337
95,40,4,2025-03-22 11:14:31.748394
95,33,4,2025-06-20 11:14:31.748453
95,12,5,2025-01-21 11:14:31.748511
95,45,5,2025-01-21 11:14:31.748570
96,42,5,2025-03-11 11:14:31.748638
96,1,4,2025-02-06 11:14:31.748696
96,6,3,2025-05-23 11:14:31.748754
96,45,5,2024-11-26 11:14:31.748813
96,3,3,2025-08-31 11:14:31.748882
96,21,5,2025-07-07 11:14:31.748940
96,24,5,2025-08-08 11:14:31.748997
96,30,5,2025-11-12 11:14:31.749063
96,48,4,2024-11-22 11:14:31.749121
96,29,4,2025-09-18 11:14:31.749179
96,17,4,2025-03-31 11:14:31.749239
96,11,4,2024-11-30 11:14:31.749311
96,10,4,2025-01-31 11:14:31.749386
97,45,4,2025-03-24 11:14:31.749469
97,37,3,2025-07-06 11:14:31.749534
97,9,5,2025-09-16 11:14:31.749593
97,3,3,2025-07-19 11:14:31.749652
97,0,4,2025-11-03 11:14:31.749710
97,44,5,2025-06-27 11:14:31.749767
97,47,4,2025-06-06 11:14:31.749827
97,18,5,2025-10-12 11:14:31.749889
97,33,5,2025-08-21 11:14:31.749964
97,41,4,2025-01-23 11:14:31.750022
97,5,4,2025-09-01 11:14:31.750081
97,17,4,2025-09-07 11:14:31.750140
97,6,4,2025-08-15 11:14:31.750198
97,36,4,2024-12-09 11:14:31.750258
97,2,4,2025-11-13 11:14:31.750316
98,12,5,2025-07-24 11:14:31.750384
98,2,3,2025-05-14 11:14:31.750442
98,39,4,2025-07-29 11:14:31.750502
98,46,3,2025-10-06 11:14:31.750561
98,35,5,2025-01-08 11:14:31.750619
98,16,5,2024-11-29 11:14:31.750676
98,47,4,2025-01-08 11:14:31.750737
98,3,3,2025-05-26 11:14:31.750797
98,45,5,2025-02-25 11:14:31.750862
98,0,4,2024-11-26 11:14:31.750920
98,20,4,2025-05-28 11:14:31.750980
98,38,4,2025-02-02 11:14:31.751039
98,10,4,2024-11-24 11:14:31.751098
98,14,5,2025-04-29 11:14:31.751156
98,1,4,2025-08-29 11:14:31.751212
98,28,4,2025-05-22 11:14:31.751272
98,6,3,2025-05-23 11:14:31.751329
99,17,4,2025-09-03 11:14:31.751399
99,15,4,2025-01-30 11:14:31.751458
99,21,4,2025-09-03 11:14:31.751517
99,5,5,2025-04-04 11:14:31.751574
99,19,4,2025-09-19 11:14:31.751643
99,27,4,2025-10-24 11:14:31.751725
100,11,4,2025-03-04 11:14:31.751829
100,15,4,2025-04-28 11:14:31.751899
100,31,3,2025-07-24 11:14:31.751964
100,43,2,2025-06-05 11:14:31.752027
100,7,2,2025-06-11 11:14:31.752087
100,16,5,2025-02-20 11:14:31.752150
100,30,4,2025-07-22 11:14:31.752210
100,23,3,2024-12-10 11:14:31.752271
100,46,2,2025-02-17 11:14:31.752332
100,22,4,2025-10-04 11:14:31.752392
100,41,3,2025-07-29 11:14:31.752454
100,39,4,2025-04-15 11:14:31.752513
100,20,4,2025-09-03 11:14:31.752573
101,43,4,2025-01-21 11:14:31.752642
101,40,4,2025-02-25 11:14:31.752702
101,36,3,2025-02-24 11:14:31.752762
101,1,5,2025-07-03 11:14:31.752822
101,25,3,2025-01-31 11:14:31.752881
101,6,4,2025-06-26 11:14:31.752944
101,14,3,2025-01-09 11:14:31.753003
101,21,4,2025-02-05 11:14:31.753069
101,18,4,2025-01-12 11:14:31.753130
101,26,3,2025-04-03 11:14:31.753190
101,47,3,2025-02-21 11:14:31.753251
101,15,3,2024-12-31 11:14:31.753310
102,41,4,2025-06-09 11:14:31.753383
102,2,3,2025-01-24 11:14:31.753442
102,24,5,2025-09-26 11:14:31.753504
102,8,5,2025-01-28 11:14:31.753562
102,26,4,2025-07-04 11:14:31.753623
102,5,3,2025-05-16 11:14:31.753683
102,31,4,2025-10-08 11:14:31.753742
102,32,5,2024-12-04 11:14:31.753804
102,35,5,2025-10-24 11:14:31.753863
102,12,3,2025-09-24 11:14:31.753924
102,30,3,2024-12-17 11:14:31.753983
102,21,5,2025-06-14 11:14:31.754044
102,7,3,2025-08-01 11:14:31.754102
102,16,3,2025-10-01 11:14:31.754163
102,15,3,2024-11-28 11:14:31.754222
102,13,4,2025-06-04 11:14:31.754282
102,34,4,2025-06-22 11:14:31.754341
102,39,3,2025-06-26 11:14:31.754400
102,11,4,2025-05-02 11:14:31.754462
102,3,3,2025-07-08 11:14:31.754520
102,22,4,2025-11-12 11:14:31.754582
103,5,3,2025-09-09 11:14:31.754653
103,20,5,2025-09-24 11:14:31.754717
103,37,4,2025-05-12 11:14:31.754777
103,31,5,2025-11-10 11:14:31.754836
103,11,3,2025-01-16 11:14:31.754896
103,40,3,2025-05-15 11:14:31.754957
103,14,3,2025-06-03 11:14:31.755015
103,30,4,2025-09-18 11:14:31.755077
103,33,4,2025-06-18 11:14:31.755136
104,30,5,2025-08-12 11:14:31.755204
104,38,4,2025-01-06 11:14:31.755266
104,18,5,2025-11-09 11:14:31.755325
104,23,3,2025-11-11 11:14:31.755386
104,16,4,2025-05-06 11:14:31.755446
104,2,2,2025-05-05 11:14:31.755507
104,10,4,2025-01-30 11:14:31.755566
104,7,4,2025-07-10 11:14:31.755627
104,33,5,2025-02-27 11:14:31.755686
104,41,4,2025-04-18 11:14:31.755746
104,4,4,2025-03-22 11:14:31.755805
104,42,4,2025-07-12 11:14:31.755865
105,40,3,2025-06-03 11:14:31.755935
105,47,5,2025-04-16 11:14:31.755994
105,34,4,2025-01-01 11:14:31.756056
105,30,4,2025-09-03 11:14:31.756116
105,35,4,2025-06-03 11:14:31.756176
105,31,4,2025-05-21 11:14:31.756235
105,33,4,2025-01-08 11:14:31.756294
105,21,4,2025-08-15 11:14:31.756354
105,42,3,2025-06-04 11:14:31.756412
105,28,5,2024-12-23 11:14:31.756470
105,38,3,2025-02-22 11:14:31.756557
105,24,4,2025-06-09 11:14:31.756626
105,46,2,2024-12-23 11:14:31.756698
105,26,4,2025-02-18 11:14:31.756758
106,1,5,2025-09-03 11:14:31.756836
106,23,3,2025-01-19 11:14:31.756898
106,0,2,2024-12-21 11:14:31.756961
106,43,4,2025-10-11 11:14:31.757021
106,9,3,2025-04-22 11:14:31.757079
106,6,3,2025-09-03 11:14:31.757141
106,40,4,2025-09-14 11:14:31.757200
106,12,4,2025-02-26 11:14:31.757267
106,22,4,2025-05-02 11:14:31.757371
106,5,5,2025-04-08 11:14:31.757473
106,26,3,2025-06-29 11:14:31.757556
106,15,3,2024-12-02 11:14:31.757623
106,42,4,2025-07-01 11:14:31.757684
107,20,4,2025-07-09 11:14:31.757770
107,23,2,2025-09-25 11:14:31.757835
107,4,4,2025-01-06 11:14:31.757894
107,26,3,2025-02-21 11:14:31.757960
107,44,5,2025-01-13 11:14:31.758019
107,35,4,2025-02-22 11:14:31.758080
107,45,4,2024-12-16 11:14:31.758139
107,40,4,2025-09-13 11:14:31.758199
107,28,5,2025-01-02 11:14:31.758257
107,41,4,2025-04-14 11:14:31.758316
107,18,4,2025-07-09 11:14:31.758377
107,3,4,2025-09-09 11:14:31.758436
108,28,5,2024-11-20 11:14:31.758506
108,6,3,2025-02-11 11:14:31.758565
108,24,5,2025-11-08 11:14:31.758625
108,4,3,2025-05-13 11:14:31.758702
108,9,4,2025-08-22 11:14:31.758760
108,41,4,2025-11-05 11:14:31.758821
108,13,4,2025-03-07 11:14:31.758884
108,32,4,2024-12-29 11:14:31.758944
108,40,3,2025-08-06 11:14:31.759002
109,20,5,2025-01-26 11:14:31.759071
109,10,4,2025-07-14 11:14:31.759130
109,11,4,2025-10-22 11:14:31.759190
109,33,4,2025-07-04 11:14:31.759249
109,5,4,2025-01-04 11:14:31.759307
109,8,5,2025-01-29 11:14:31.759364
109,4,3,2025-04-02 11:14:31.759429
109,34,3,2025-10-19 11:14:31.759488
109,35,5,2025-07-07 11:14:31.759547
109,48,4,2025-06-14 11:14:31.759605
109,17,5,2025-10-13 11:14:31.759663
109,12,4,2025-04-20 11:14:31.759722
109,6,4,2025-01-15 11:14:31.759781
110,19,5,2025-04-10 11:14:31.759851
110,37,5,2025-09-01 11:14:31.759910
110,24,4,2025-09-02 11:14:31.759968
110,13,2,2025-03-20 11:14:31.760027
110,16,4,2025-09-07 11:14:31.760084
110,26,4,2025-10-24 11:14:31.760143
110,36,4,2025-04-23 11:14:31.760201
110,11,5,2025-09-07 11:14:31.760258
110,30,5,2025-07-19 11:14:31.760318
110,31,3,2025-09-02 11:14:31.760376
111,21,4,2025-03-03 11:14:31.760445
111,19,4,2025-04-10 11:14:31.760503
111,29,3,2025-03-14 11:14:31.760562
111,31,3,2025-04-02 11:14:31.760622
111,10,3,2025-10-02 11:14:31.760681
111,22,4,2025-08-02 11:14:31.760739
111,45,4,2024-11-28 11:14:31.760799
111,15,3,2025-02-09 11:14:31.760857
111,13,5,2025-03-20 11:14:31.760916
111,4,4,2024-12-27 11:14:31.760974
111,8,4,2025-08-21 11:14:31.761034
111,37,4,2024-12-12 11:14:31.761091
111,39,5,2025-03-30 11:14:31.761151
111,40,4,2025-03-04 11:14:31.761209
111,6,2,2025-10-07 11:14:31.761268
112,41,4,2025-01-30 11:14:31.761337
112,48,3,2025-05-28 11:14:31.761395
112,12,4,2025-07-14 11:14:31.761455
112,36,3,2024-12-29 11:14:31.761513
112,46,3,2025-09-20 11:14:31.761574
112,29,4,2025-03-07 11:14:31.761631
112,11,4,2025-01-26 11:14:31.761691
112,40,5,2025-06-14 11:14:31.761757
112,43,3,2025-02-24 11:14:31.761815
112,42,4,2025-09-11 11:14:31.761872
112,16,4,2025-02-11 11:14:31.761933
112,7,3,2025-03-07 11:14:31.761990
112,22,4,2025-11-17 11:14:31.762047
112,21,4,2024-12-25 11:14:31.762106
112,18,5,2025-09-19 11:14:31.762164
112,19,3,2025-02-19 11:14:31.762223
112,44,4,2025-07-11 11:14:31.762279
112,20,4,2025-10-07 11:14:31.762337
113,7,3,2025-04-06 11:14:31.762404
113,1,3,2025-10-07 11:14:31.762461
113,25,1,2025-07-27 11:14:31.762521
113,4,5,2025-10-15 11:14:31.762578
113,35,5,2025-07-10 11:14:31.762637
113,46,3,2025-08-30 11:14:31.762695
113,5,4,2025-05-30 11:14:31.762751
113,40,4,2025-09-17 11:14:31.762811
113,22,5,2025-06-16 11:14:31.762868
113,20,5,2025-01-01 11:14:31.762927
113,26,2,2025-06-04 11:14:31.762984
113,17,4,2025-05-14 11:14:31.763043
113,42,2,2025-11-17 11:14:31.763099
113,3,2,2025-07-16 11:14:31.763159
113,6,4,2025-06-02 11:14:31.763216
113,38,3,2025-05-08 11:14:31.763276
113,48,3,2025-06-14 11:14:31.763333
113,28,5,2025-09-26 11:14:31.763393
114,44,5,2025-09-13 11:14:31.763462
114,33,4,2025-07-29 11:14:31.763520
114,45,5,2025-04-01 11:14:31.763579
114,14,3,2024-12-29 11:14:31.763637
114,47,4,2025-07-26 11:14:31.763695
115,11,4,2025-06-30 11:14:31.763765
115,1,5,2025-10-06 11:14:31.763827
115,42,3,2025-09-25 11:14:31.763884
115,6,2,2025-01-16 11:14:31.763942
115,23,3,2025-02-07 11:14:31.764009
115,21,5,2024-12-29 11:14:31.764066
115,20,3,2025-04-28 11:14:31.764126
115,7,3,2025-09-28 11:14:31.764183
116,42,4,2025-03-16 11:14:31.764252
116,37,4,2025-09-18 11:14:31.764309
116,24,3,2025-02-05 11:14:31.764369
116,10,3,2025-03-30 11:14:31.764427
116,8,4,2024-12-25 11:14:31.764485
116,11,4,2025-07-05 11:14:31.764543
116,40,3,2025-08-05 11:14:31.764602
116,39,5,2024-12-20 11:14:31.764659
116,15,4,2025-04-07 11:14:31.764717
116,43,4,2025-07-01 11:14:31.764775
116,28,5,2025-05-04 11:14:31.764832
116,30,4,2025-08-22 11:14:31.764890
116,13,3,2025-01-20 11:14:31.764947
117,14,3,2025-05-15 11:14:31.765017
117,47,4,2025-05-19 11:14:31.765074
117,42,3,2025-02-22 11:14:31.765131
117,11,3,2025-01-03 11:14:31.765191
117,15,4,2025-05-13 11:14:31.765249
117,10,5,2025-08-14 11:14:31.765307
117,48,4,2025-02-17 11:14:31.765363
117,13,4,2025-01-22 11:14:31.765423
117,39,3,2025-11-11 11:14:31.765487
117,6,4,2025-10-17 11:14:31.765545
117,35,4,2025-11-18 11:14:31.765603
117,27,5,2025-11-14 11:14:31.765667
117,21,4,2025-08-31 11:14:31.765729
118,27,3,2025-10-27 11:14:31.765800
118,9,4,2025-07-04 11:14:31.765858
118,47,3,2024-12-21 11:14:31.765915
118,14,3,2025-07-14 11:14:31.765982
118,19,2,2025-04-04 11:14:31.766040
118,5,4,2025-04-18 11:14:31.766110
118,33,3,2025-08-11 11:14:31.766170
118,25,4,2025-05-25 11:14:31.766235
118,18,5,2025-03-19 11:14:31.766296
118,3,3,2025-07-06 11:14:31.766355
118,10,4,2025-09-21 11:14:31.766413
118,39,4,2025-08-16 11:14:31.766471
118,44,5,2025-07-17 11:14:31.766531
118,1,4,2025-04-17 11:14:31.766589
118,46,3,2025-09-11 11:14:31.766645
118,35,4,2025-03-02 11:14:31.766702
118,22,3,2025-08-22 11:14:31.766759
118,45,4,2024-12-21 11:14:31.766817
119,1,3,2025-08-27 11:14:31.766883
119,41,4,2025-09-03 11:14:31.766941
119,40,3,2024-12-15 11:14:31.767004
119,18,5,2025-05-28 11:14:31.767062
119,21,4,2025-08-16 11:14:31.767120
119,15,3,2025-04-10 11:14:31.767181
119,37,4,2025-01-07 11:14:31.767239
119,13,3,2025-01-21 11:14:31.767296
119,27,4,2025-06-07 11:14:31.767356
119,19,4,2025-02-13 11:14:31.767413
119,23,4,2025-01-17 11:14:31.767473
119,8,4,2025-07-18 11:14:31.767531
119,11,4,2025-10-10 11:14:31.767591
119,39,4,2025-10-12 11:14:31.767649
119,34,4,2025-05-20 11:14:31.767707
119,33,3,2025-08-04 11:14:31.767765
119,24,4,2024-12-23 11:14:31.767823
119,5,4,2025-07-05 11:14:31.767881
119,16,5,2025-09-21 11:14:31.767938
120,32,5,2025-01-02 11:14:31.768008
120,3,3,2025-02-07 11:14:31.768066
120,26,2,2025-05-01 11:14:31.768126
120,4,3,2025-08-10 11:14:31.768184
120,29,5,2025-07-01 11:14:31.768244
120,2,3,2025-07-04 11:14:31.768302
120,44,4,2025-02-11 11:14:31.768362
120,22,4,2025-05-31 11:14:31.768440
120,42,2,2025-08-25 11:14:31.768536
120,40,4,2025-03-11 11:14:31.768602
120,48,3,2025-10-17 11:14:31.768666
120,33,5,2025-03-04 11:14:31.768727
120,16,5,2025-04-06 11:14:31.768787
120,34,4,2025-02-08 11:14:31.768848
120,10,3,2025-06-28 11:14:31.768909
121,44,4,2025-04-04 11:14:31.768978
121,7,2,2025-08-25 11:14:31.769037
121,14,3,2025-04-27 11:14:31.769098
121,15,4,2025-08-06 11:14:31.769157
121,21,3,2025-06-09 11:14:31.769216
121,19,5,2025-10-07 11:14:31.769273
121,20,5,2025-03-08 11:14:31.769333
121,33,4,2025-01-16 11:14:31.769392
121,3,2,2025-09-20 11:14:31.769452
122,46,3,2025-08-10 11:14:31.769523
122,25,3,2025-01-05 11:14:31.769583
122,34,4,2025-03-17 11:14:31.769644
122,20,3,2025-06-09 11:14:31.769702
122,4,3,2025-02-08 11:14:31.769763
122,22,2,2024-11-25 11:14:31.769822
122,11,4,2025-10-29 11:14:31.769882
122,23,5,2025-01-15 11:14:31.769942
122,0,2,2024-12-15 11:14:31.770001
122,26,3,2025-09-25 11:14:31.770063
122,19,4,2025-05-10 11:14:31.770121
122,47,5,2025-03-21 11:14:31.770182
122,24,3,2025-04-18 11:14:31.770241
122,21,4,2025-08-19 11:14:31.770301
122,37,5,2025-10-12 11:14:31.770360
122,32,4,2025-07-03 11:14:31.770419
122,38,3,2025-11-18 11:14:31.770478
123,39,3,2025-06-25 11:14:31.770567
123,1,5,2025-06-18 11:14:31.770625
123,21,4,2025-07-11 11:14:31.770687
123,43,3,2024-11-26 11:14:31.770746
123,10,5,2024-12-06 11:14:31.770805
123,40,4,2024-12-27 11:14:31.770863
123,24,4,2025-03-20 11:14:31.770923
123,36,4,2024-12-30 11:14:31.770983
123,46,3,2025-01-30 11:14:31.771042
123,23,4,2025-04-11 11:14:31.771100
123,9,3,2025-03-13 11:14:31.771161
123,38,4,2025-07-20 11:14:31.771220
123,29,4,2024-12-25 11:14:31.771281
123,18,5,2025-01-26 11:14:31.771339
124,5,5,2025-07-12 11:14:31.771407
124,14,4,2025-07-01 11:14:31.771467
124,23,5,2025-04-05 11:14:31.771527
124,16,5,2025-05-03 11:14:31.771586
124,24,3,2025-10-19 11:14:31.771645
124,48,4,2025-03-30 11:14:31.771704
124,37,4,2025-05-01 11:14:31.771763
124,13,3,2025-10-21 11:14:31.771823
124,42,3,2024-11-23 11:14:31.771882
124,22,4,2024-11-27 11:14:31.771944
124,6,3,2024-12-14 11:14:31.772002
124,44,4,2024-12-28 11:14:31.772063
124,36,3,2024-11-20 11:14:31.772123
124,32,3,2025-04-12 11:14:31.772186
124,0,4,2025-10-29 11:14:31.772244
124,39,4,2025-11-09 11:14:31.772302
124,33,4,2025-11-07 11:14:31.772363
124,40,4,2025-03-14 11:14:31.772421
125,46,3,2025-10-08 11:14:31.772494
125,2,4,2025-08-18 11:14:31.772553
125,13,4,2025-02-27 11:14:31.772614
125,45,5,2025-07-28 11:14:31.772673
125,39,4,2025-10-02 11:14:31.772733
125,23,3,2025-01-16 11:14:31.772793
125,37,4,2025-03-10 11:14:31.772852
125,35,5,2025-04-12 11:14:31.772926
125,43,3,2025-03-05 11:14:31.772985
125,10,4,2025-01-15 11:14:31.773047
126,47,4,2025-05-06 11:14:31.773125
126,5,4,2024-12-30 11:14:31.773221
126,4,4,2025-03-11 11:14:31.773305
126,43,3,2025-07-04 11:14:31.773370
126,45,5,2025-04-25 11:14:31.773444
126,48,4,2025-01-16 11:14:31.773505
126,40,3,2025-02-26 11:14:31.773567
126,2,3,2025-05-12 11:14:31.773627
126,32,4,2025-05-16 11:14:31.773686
126,22,3,2025-01-16 11:14:31.773746
126,38,3,2025-07-10 11:14:31.773805
126,19,3,2024-12-24 11:14:31.773878
126,12,5,2025-10-16 11:14:31.773957
126,31,3,2025-02-20 11:14:31.774040
126,14,3,2025-09-21 11:14:31.774106
126,20,4,2025-05-28 11:14:31.774164
126,29,3,2025-04-11 11:14:31.774225
126,37,4,2025-01-05 11:14:31.774283
126,26,3,2024-11-29 11:14:31.774344
126,10,3,2025-01-12 11:14:31.774404
126,17,5,2025-07-23 11:14:31.774467
127,41,4,2025-04-21 11:14:31.774535
127,44,5,2025-03-25 11:14:31.774594
127,19,3,2025-02-24 11:14:31.774654
127,45,5,2025-10-16 11:14:31.774713
127,13,4,2025-03-01 11:14:31.774773
127,3,2,2025-04-06 11:14:31.774831
127,27,3,2025-10-25 11:14:31.774895
128,42,3,2025-04-22 11:14:31.774964
128,9,5,2024-12-27 11:14:31.775022
128,11,3,2025-05-21 11:14:31.775083
128,18,5,2025-10-21 11:14:31.775140
128,32,5,2025-05-01 11:14:31.775200
128,30,4,2024-12-24 11:14:31.775257
128,40,4,2025-04-22 11:14:31.775316
128,47,3,2025-02-27 11:14:31.775374
128,10,4,2025-07-07 11:14:31.775433
129,7,4,2025-02-12 11:14:31.775502
129,38,3,2025-08-17 11:14:31.775560
129,28,3,2024-12-15 11:14:31.775620
129,32,5,2024-11-28 11:14:31.775677
129,3,4,2025-10-10 11:14:31.775737
129,31,5,2025-09-11 11:14:31.775794
129,16,4,2025-03-19 11:14:31.775853
129,26,4,2025-03-04 11:14:31.775912
129,48,4,2025-09-08 11:14:31.775970
129,13,4,2024-12-13 11:14:31.776028
129,6,3,2025-09-23 11:14:31.776088
129,25,2,2025-05-30 11:14:31.776146
130,36,3,2025-07-03 11:14:31.776215
130,31,4,2025-02-09 11:14:31.776273
130,35,4,2025-03-21 11:14:31.776333
130,39,4,2025-11-01 11:14:31.776390
130,42,4,2024-12-11 11:14:31.776450
130,17,3,2025-07-02 11:14:31.776509
130,45,5,2025-10-28 11:14:31.776567
130,12,5,2025-05-31 11:14:31.776623
130,2,2,2024-11-20 11:14:31.776683
130,14,4,2025-05-24 11:14:31.776740
130,41,2,2025-04-12 11:14:31.776799
130,0,4,2025-01-19 11:14:31.776856
130,29,5,2025-06-02 11:14:31.776915
130,44,5,2025-10-05 11:14:31.776973
130,21,4,2025-06-15 11:14:31.777032
131,1,3,2025-10-06 11:14:31.777101
131,30,4,2025-04-08 11:14:31.777159
131,29,5,2025-06-30 11:14:31.777219
131,38,4,2025-08-31 11:14:31.777277
131,16,5,2025-05-26 11:14:31.777336
131,28,4,2025-03-21 11:14:31.777394
131,11,4,2025-09-24 11:14:31.777453
131,47,4,2025-11-04 11:14:31.777513
131,9,3,2025-08-14 11:14:31.777570
131,24,5,2025-06-28 11:14:31.777630
131,33,4,2025-04-10 11:14:31.777687
131,45,4,2025-10-10 11:14:31.777747
131,42,4,2025-05-16 11:14:31.777806
131,8,4,2025-03-19 11:14:31.777865
131,23,3,2025-06-17 11:14:31.777923
131,21,3,2025-05-28 11:14:31.777982
131,10,3,2025-11-07 11:14:31.778039
131,20,4,2025-01-22 11:14:31.778099
132,42,4,2025-05-25 11:14:31.778168
132,45,5,2025-10-11 11:14:31.778225
132,18,5,2025-09-11 11:14:31.778284
132,37,4,2025-02-15 11:14:31.778342
132,31,3,2024-12-16 11:14:31.778403
132,44,4,2025-05-24 11:14:31.778466
132,24,3,2024-12-22 11:14:31.778525
132,4,3,2025-07-08 11:14:31.778588
132,17,4,2025-10-24 11:14:31.778646
132,10,5,2025-11-15 11:14:31.778705
132,36,4,2025-10-29 11:14:31.778764
132,9,5,2025-06-29 11:14:31.778824
132,5,5,2025-03-19 11:14:31.778882
132,15,2,2025-01-30 11:14:31.778942
132,30,3,2025-05-18 11:14:31.779000
133,1,4,2025-03-04 11:14:31.779068
133,26,3,2025-04-13 11:14:31.779127
133,5,5,2024-12-18 11:14:31.779186
133,7,2,2025-03-09 11:14:31.779245
133,2,3,2025-11-17 11:14:31.779304
133,24,3,2025-08-03 11:14:31.779362
133,0,3,2025-04-21 11:14:31.779420
133,21,4,2025-07-11 11:14:31.779478
133,41,3,2024-12-25 11:14:31.779536
133,18,5,2025-02-02 11:14:31.779594
133,40,4,2025-08-06 11:14:31.779651
133,8,5,2025-03-05 11:14:31.779711
134,12,5,2025-04-02 11:14:31.779779
134,6,3,2025-02-17 11:14:31.779836
134,32,3,2025-06-06 11:14:31.779896
134,45,4,2025-07-14 11:14:31.779954
134,44,5,2025-06-29 11:14:31.780012
134,17,4,2025-07-31 11:14:31.780070
134,15,2,2025-04-09 11:14:31.780128
134,35,4,2025-08-10 11:14:31.780187
134,20,5,2025-08-13 11:14:31.780244
134,48,5,2025-07-22 11:14:31.780304
134,4,3,2025-09-20 11:14:31.780364
134,41,3,2025-03-14 11:14:31.780424
134,31,4,2025-05-17 11:14:31.780481
134,47,4,2025-08-03 11:14:31.780540
134,5,3,2025-02-11 11:14:31.780600
134,28,4,2025-03-11 11:14:31.780664
134,13,5,2025-06-28 11:14:31.780723
134,1,4,2025-02-26 11:14:31.780782
134,40,4,2025-02-17 11:14:31.780840
134,26,4,2025-05-16 11:14:31.780900
134,43,4,2025-04-23 11:14:31.780957
135,38,3,2025-04-19 11:14:31.781027
135,13,3,2025-08-03 11:14:31.781085
135,8,5,2024-12-19 11:14:31.781144
135,20,4,2025-08-25 11:14:31.781201
135,29,5,2025-04-07 11:14:31.781261
135,41,3,2024-11-20 11:14:31.781320
135,33,5,2025-07-25 11:14:31.781378
135,48,3,2025-04-06 11:14:31.781435
136,46,3,2025-05-31 11:14:31.781503
136,15,3,2024-12-20 11:14:31.781562
136,21,4,2025-02-08 11:14:31.781621
136,5,3,2025-01-19 11:14:31.781678
136,0,3,2025-10-03 11:14:31.781737
136,42,4,2025-06-13 11:14:31.781805
136,4,4,2025-03-29 11:14:31.781865
136,48,4,2025-09-03 11:14:31.781923
136,38,4,2025-08-26 11:14:31.781986
136,3,2,2025-04-20 11:14:31.782049
136,25,3,2025-09-21 11:14:31.782107
136,17,3,2025-11-13 11:14:31.782166
136,27,5,2025-01-14 11:14:31.782223
136,22,4,2025-05-29 11:14:31.782283
136,18,5,2025-04-01 11:14:31.782356
136,44,4,2025-04-11 11:14:31.782423
136,34,5,2025-09-28 11:14:31.782484
136,2,2,2025-10-21 11:14:31.782542
136,14,3,2025-10-31 11:14:31.782603
136,39,4,2025-08-05 11:14:31.782660
136,31,4,2025-01-14 11:14:31.782721
136,33,4,2025-11-03 11:14:31.782779
136,41,3,2025-02-19 11:14:31.782839
137,22,4,2025-10-05 11:14:31.782908
137,33,5,2025-01-14 11:14:31.782968
137,16,4,2024-12-22 11:14:31.783026
137,40,4,2024-12-21 11:14:31.783085
137,46,4,2025-08-07 11:14:31.783144
137,8,5,2025-07-17 11:14:31.783201
137,10,4,2025-10-25 11:14:31.783260
137,20,4,2025-03-10 11:14:31.783318
137,9,3,2025-07-21 11:14:31.783378
137,25,3,2025-05-26 11:14:31.783436
137,21,5,2024-12-12 11:14:31.783494
137,38,3,2025-08-23 11:14:31.783551
137,37,4,2025-10-04 11:14:31.783608
137,31,3,2025-08-17 11:14:31.783668
137,44,5,2025-03-13 11:14:31.783725
137,2,3,2025-10-04 11:14:31.783784
137,29,5,2025-11-05 11:14:31.783842
137,41,3,2025-10-22 11:14:31.783901
137,3,3,2025-06-15 11:14:31.783961
137,14,4,2024-12-21 11:14:31.784019
137,35,5,2024-12-22 11:14:31.784084
137,24,4,2025-08-16 11:14:31.784142
137,36,3,2025-07-01 11:14:31.784202
137,43,2,2025-04-03 11:14:31.784260
137,11,4,2025-08-03 11:14:31.784322
138,16,3,2025-03-14 11:14:31.784392
138,44,4,2025-02-13 11:14:31.784451
138,25,3,2025-07-16 11:14:31.784511
138,43,3,2024-11-28 11:14:31.784568
139,13,4,2024-12-11 11:14:31.784635
139,2,2,2025-09-12 11:14:31.784694
139,18,4,2024-12-05 11:14:31.784753
139,10,4,2025-10-30 11:14:31.784814
139,11,4,2025-03-12 11:14:31.784871
139,31,3,2025-09-03 11:14:31.784930
139,42,3,2024-11-21 11:14:31.784988
139,26,4,2025-05-02 11:14:31.785057
139,48,5,2025-11-08 11:14:31.785150
139,8,5,2025-02-05 11:14:31.785216
139,28,5,2025-01-17 11:14:31.785282
139,41,3,2025-02-19 11:14:31.785344
139,16,5,2025-09-16 11:14:31.785405
139,17,4,2025-07-10 11:14:31.785466
139,29,3,2024-12-22 11:14:31.785529
140,38,4,2025-03-18 11:14:31.785599
140,35,4,2025-10-31 11:14:31.785662
140,34,4,2025-03-27 11:14:31.785722
140,10,4,2025-01-17 11:14:31.785780
140,25,2,2025-04-09 11:14:31.785843
140,7,3,2025-02-28 11:14:31.785905
140,1,3,2025-05-31 11:14:31.785967
140,40,3,2025-02-27 11:14:31.786026
140,45,4,2024-12-04 11:14:31.786087
140,3,3,2024-11-28 11:14:31.786151
140,15,3,2025-09-26 11:14:31.786222
140,32,4,2025-06-04 11:14:31.786288
141,24,4,2025-06-20 11:14:31.786356
141,32,5,2025-06-22 11:14:31.786416
141,13,4,2025-06-10 11:14:31.786479
141,44,5,2025-08-12 11:14:31.786537
141,7,3,2025-06-05 11:14:31.786600
141,30,4,2025-11-17 11:14:31.786659
141,20,5,2025-06-20 11:14:31.786721
141,3,3,2025-09-11 11:14:31.786780
141,39,4,2025-07-21 11:14:31.786842
141,48,4,2025-08-18 11:14:31.786901
141,33,4,2025-02-24 11:14:31.786962
141,29,3,2025-01-02 11:14:31.787026
141,9,5,2025-01-19 11:14:31.787085
141,19,2,2025-07-06 11:14:31.787148
141,2,4,2025-09-25 11:14:31.787207
141,25,4,2025-06-12 11:14:31.787268
142,21,4,2025-07-18 11:14:31.787339
142,45,4,2025-01-30 11:14:31.787399
142,18,4,2025-02-17 11:14:31.787459
142,42,4,2025-04-27 11:14:31.787520
142,15,3,2025-08-18 11:14:31.787579
142,40,4,2025-10-08 11:14:31.787639
142,47,4,2025-09-15 11:14:31.787699
142,11,4,2025-01-14 11:14:31.787759
142,39,4,2025-10-26 11:14:31.787818
142,13,3,2025-10-22 11:14:31.787877
142,23,4,2025-10-30 11:14:31.787936
143,32,5,2024-11-29 11:14:31.788005
143,37,4,2025-02-04 11:14:31.788066
143,18,4,2025-02-01 11:14:31.788126
143,35,5,2024-12-15 11:14:31.788185
143,22,5,2025-05-13 11:14:31.788247
143,10,3,2024-11-29 11:14:31.788306
143,1,3,2025-05-21 11:14:31.788368
143,23,3,2025-06-25 11:14:31.788428
143,47,5,2025-03-08 11:14:31.788488
143,17,5,2025-04-14 11:14:31.788549
143,21,4,2025-11-16 11:14:31.788608
143,44,5,2025-08-27 11:14:31.788667
143,27,4,2025-08-04 11:14:31.788726
143,6,4,2025-07-08 11:14:31.788788
143,20,3,2025-06-17 11:14:31.788850
143,29,5,2025-02-15 11:14:31.788911
143,38,3,2024-12-12 11:14:31.788970
143,31,4,2025-10-15 11:14:31.789031
143,13,3,2025-06-26 11:14:31.789091
143,42,4,2025-06-13 11:14:31.789151
144,40,3,2025-03-24 11:14:31.789237
144,42,4,2025-11-15 11:14:31.789297
144,1,5,2025-10-06 11:14:31.789357
145,41,3,2025-06-26 11:14:31.789428
145,24,4,2025-11-14 11:14:31.789487
145,47,5,2025-08-29 11:14:31.789550
145,22,4,2025-09-10 11:14:31.789609
145,27,4,2025-07-27 11:14:31.789670
145,13,3,2025-04-26 11:14:31.789729
145,31,3,2025-07-31 11:14:31.789797
145,38,4,2024-12-07 11:14:31.789876
145,46,3,2025-02-07 11:14:31.789951
145,28,4,2025-04-12 11:14:31.790016
145,18,4,2024-12-02 11:14:31.790082
145,9,4,2025-09-10 11:14:31.790155
145,8,4,2025-08-01 11:14:31.790215
145,0,4,2025-08-22 11:14:31.790274
145,19,3,2025-07-05 11:14:31.790335
145,42,4,2025-06-28 11:14:31.790395
145,39,5,2025-09-29 11:14:31.790453
145,29,4,2025-09-25 11:14:31.790514
145,3,2,2025-03-07 11:14:31.790572
145,10,4,2024-12-25 11:14:31.790632
145,6,3,2025-05-16 11:14:31.790690
145,16,5,2025-01-25 11:14:31.790749
145,21,4,2025-04-22 11:14:31.790808
145,36,5,2025-10-26 11:14:31.790866
145,1,4,2025-03-12 11:14:31.790926
146,16,5,2025-04-22 11:14:31.790992
146,1,3,2025-05-12 11:14:31.791053
146,46,4,2025-08-30 11:14:31.791110
146,3,3,2024-11-28 11:14:31.791170
146,29,4,2025-01-14 11:14:31.791228
146,36,3,2025-01-13 11:14:31.791287
146,21,5,2025-10-30 11:14:31.791344
146,20,4,2025-10-21 11:14:31.791402
146,13,4,2025-10-02 11:14:31.791460
146,47,4,2025-11-03 11:14:31.791527
146,5,4,2025-08-17 11:14:31.791673
147,18,5,2025-02-26 11:14:31.791780
147,40,4,2025-08-30 11:14:31.791860
147,0,3,2025-02-03 11:14:31.791937
147,35,5,2025-10-14 11:14:31.791997
147,2,2,2025-07-10 11:14:31.792057
147,47,5,2025-11-10 11:14:31.792119
147,22,4,2025-10-20 11:14:31.792188
147,34,3,2025-10-28 11:14:31.792250
147,7,3,2025-09-08 11:14:31.792308
147,37,5,2025-04-25 11:14:31.792367
147,30,3,2025-03-01 11:14:31.792425
147,3,3,2025-01-22 11:14:31.792492
147,45,5,2025-05-28 11:14:31.792552
147,26,3,2024-12-25 11:14:31.792610
147,9,4,2025-01-19 11:14:31.792670
147,8,5,2025-03-26 11:14:31.792727
147,11,5,2025-05-04 11:14:31.792786
147,14,4,2024-11-28 11:14:31.792843
147,44,2,2025-02-16 11:14:31.792901
147,42,3,2025-11-13 11:14:31.792959
147,23,3,2025-04-13 11:14:31.793017
147,1,4,2025-01-28 11:14:31.793076
148,44,4,2025-09-05 11:14:31.793146
148,3,3,2025-02-03 11:14:31.793204
148,7,4,2025-03-09 11:14:31.793263
148,32,3,2025-02-27 11:14:31.793322
148,8,5,2025-06-08 11:14:31.793381
148,34,4,2025-04-13 11:14:31.793439
148,33,3,2025-05-12 11:14:31.793498
148,18,5,2025-04-18 11:14:31.793555
148,22,3,2024-12-22 11:14:31.793612
148,26,2,2025-01-27 11:14:31.793672
148,31,4,2025-06-26 11:14:31.793730
148,5,4,2025-02-06 11:14:31.793786
148,23,3,2025-08-05 11:14:31.793846
148,35,5,2025-07-09 11:14:31.793903
148,45,5,2025-04-21 11:14:31.793963
148,30,4,2025-11-11 11:14:31.794020
148,28,3,2024-12-04 11:14:31.794079
148,21,5,2025-08-20 11:14:31.794137
148,24,5,2024-11-28 11:14:31.794196
148,47,3,2025-06-04 11:14:31.794254
148,27,3,2025-11-08 11:14:31.794313
148,9,4,2025-09-25 11:14:31.794371
148,19,3,2025-06-26 11:14:31.794429
148,29,4,2025-04-24 11:14:31.794487
149,35,4,2025-08-04 11:14:31.794553
149,28,4,2025-02-10 11:14:31.794613
149,25,4,2025-07-21 11:14:31.794671
149,14,4,2025-08-17 11:14:31.794729
149,0,4,2025-07-27 11:14:31.794787
149,7,4,2025-06-09 11:14:31.794844
149,31,4,2025-02-17 11:14:31.794904
149,24,5,2024-12-30 11:14:31.794961
149,38,4,2025-05-30 11:14:31.795021
149,45,4,2025-10-05 11:14:31.795079
150,3,3,2025-08-18 11:14:31.795155
150,19,3,2024-12-15 11:14:31.795216
150,8,5,2025-02-10 11:14:31.795275
150,40,4,2025-10-29 11:14:31.795333
150,21,4,2025-08-03 11:14:31.795391
150,10,3,2025-02-09 11:14:31.795449
150,31,3,2025-02-13 11:14:31.795508
150,30,4,2024-12-17 11:14:31.795566
150,26,2,2025-05-28 11:14:31.795625
150,24,3,2025-08-21 11:14:31.795683
150,17,4,2025-05-08 11:14:31.795740
150,42,3,2025-01-17 11:14:31.795800
150,25,3,2025-05-24 11:14:31.795857
150,27,5,2025-10-10 11:14:31.795916
150,28,4,2025-03-07 11:14:31.795975
150,14,4,2024-11-24 11:14:31.796040
150,38,3,2025-07-26 11:14:31.796099
150,15,3,2025-09-28 11:14:31.796161
150,13,4,2025-06-30 11:14:31.796234
151,22,3,2025-04-10 11:14:31.796302
151,26,2,2025-04-16 11:14:31.796363
151,40,4,2025-01-03 11:14:31.796421
151,27,5,2025-05-21 11:14:31.796481
151,34,5,2024-11-23 11:14:31.796538
151,0,4,2025-05-04 11:14:31.796595
151,28,5,2025-07-12 11:14:31.796654
151,18,5,2025-04-06 11:14:31.796711
151,33,4,2024-11-26 11:14:31.796768
151,1,5,2025-04-29 11:14:31.796827
151,14,4,2025-11-02 11:14:31.796884
151,19,4,2025-02-20 11:14:31.796942
151,41,4,2025-09-21 11:14:31.797000
151,39,4,2025-07-02 11:14:31.797056
151,2,4,2024-12-23 11:14:31.797114
152,23,4,2025-04-16 11:14:31.797182
152,21,5,2025-05-07 11:14:31.797239
152,9,3,2025-07-07 11:14:31.797318
152,28,4,2025-03-30 11:14:31.797375
152,48,4,2025-09-23 11:14:31.797431
152,14,4,2025-06-30 11:14:31.797490
152,2,3,2025-09-09 11:14:31.797547
152,43,3,2025-04-29 11:14:31.797604
152,4,4,2024-11-22 11:14:31.797663
152,15,3,2025-04-05 11:14:31.797720
152,22,5,2025-03-18 11:14:31.797780
152,11,5,2025-02-20 11:14:31.797837
152,45,5,2025-11-03 11:14:31.797896
152,25,4,2025-03-24 11:14:31.797953
152,35,5,2025-02-14 11:14:31.798011
152,37,5,2025-08-11 11:14:31.798069
152,39,5,2025-10-18 11:14:31.798128
152,1,3,2024-12-18 11:14:31.798186
153,18,4,2025-04-13 11:14:31.798252
153,36,5,2025-05-09 11:14:31.798312
153,46,2,2025-06-14 11:14:31.798370
153,28,5,2025-07-15 11:14:31.798426
153,3,2,2025-04-19 11:14:31.798486
153,41,4,2025-09-17 11:14:31.798544
153,37,5,2025-10-02 11:14:31.798603
153,15,4,2024-12-20 11:14:31.798660
153,26,3,2025-02-18 11:14:31.798718
153,2,3,2025-05-23 11:14:31.798777
153,23,4,2025-02-20 11:14:31.798835
153,34,4,2025-02-10 11:14:31.798893
153,9,4,2025-10-22 11:14:31.798951
153,39,4,2025-11-10 11:14:31.799010
153,10,4,2025-05-28 11:14:31.799067
153,45,3,2025-07-20 11:14:31.799125
153,17,4,2025-05-18 11:14:31.799182
153,12,4,2025-09-23 11:14:31.799242
153,29,5,2025-01-13 11:14:31.799299
154,27,5,2025-02-12 11:14:31.799375
154,30,3,2024-12-19 11:14:31.799433
154,10,4,2025-01-11 11:14:31.799491
154,40,3,2025-02-08 11:14:31.799557
154,17,4,2025-01-17 11:14:31.799614
154,5,4,2025-05-24 11:14:31.799674
154,4,2,2025-10-03 11:14:31.799732
154,43,4,2025-04-21 11:14:31.799790
154,34,4,2025-09-05 11:14:31.799849
154,47,5,2025-01-26 11:14:31.799917
154,9,4,2025-01-15 11:14:31.799978
154,39,4,2025-02-12 11:14:31.800038
154,19,4,2025-10-22 11:14:31.800096
154,44,5,2025-01-06 11:14:31.800152
154,41,4,2024-12-29 11:14:31.800212
154,38,4,2025-09-21 11:14:31.800269
154,6,2,2025-11-04 11:14:31.800336
154,42,3,2024-11-30 11:14:31.800394
154,23,3,2025-10-15 11:14:31.800454
155,11,3,2025-02-25 11:14:31.800524
155,39,3,2025-09-24 11:14:31.800582
155,1,5,2025-10-12 11:14:31.800640
155,21,5,2025-07-06 11:14:31.800699
155,12,4,2025-04-02 11:14:31.800757
155,9,3,2024-11-23 11:14:31.800815
156,38,3,2025-06-26 11:14:31.800887
156,47,5,2025-03-12 11:14:31.800944
156,8,5,2025-04-14 11:14:31.801002
156,43,3,2025-04-26 11:14:31.801061
156,23,3,2025-02-23 11:14:31.801119
156,30,4,2025-10-30 11:14:31.801177
156,41,4,2025-06-25 11:14:31.801236
156,9,4,2025-06-07 11:14:31.801293
156,44,4,2025-04-02 11:14:31.801352
156,14,3,2025-04-05 11:14:31.801409
156,33,5,2025-04-08 11:14:31.801465
156,34,5,2025-03-06 11:14:31.801522
156,36,5,2025-10-26 11:14:31.801580
156,20,5,2025-02-21 11:14:31.801636
156,17,4,2025-08-30 11:14:31.801696
156,48,5,2025-02-18 11:14:31.801765
157,47,5,2025-05-19 11:14:31.801845
157,28,4,2025-04-23 11:14:31.801920
157,3,4,2025-05-19 11:14:31.801980
157,11,4,2025-03-04 11:14:31.802037
157,45,5,2024-12-10 11:14:31.802097
157,20,5,2024-12-10 11:14:31.802157
157,29,5,2025-11-12 11:14:31.802213
158,32,4,2025-04-26 11:14:31.802283
158,29,5,2025-09-05 11:14:31.802341
158,9,5,2025-08-07 11:14:31.802401
158,48,3,2025-10-11 11:14:31.802459
158,10,2,2024-11-20 11:14:31.802522
158,47,4,2025-10-11 11:14:31.802582
158,35,4,2025-02-01 11:14:31.802640
158,22,4,2025-06-26 11:14:31.802697
158,46,3,2025-09-15 11:14:31.802754
158,25,4,2025-02-17 11:14:31.802812
158,5,5,2025-10-27 11:14:31.802870
158,34,4,2025-08-12 11:14:31.802927
158,1,3,2025-08-07 11:14:31.802987
159,30,3,2025-08-28 11:14:31.803056
159,42,3,2025-02-11 11:14:31.803114
159,13,3,2025-02-09 11:14:31.803171
159,25,2,2025-01-23 11:14:31.803228
159,31,3,2025-08-04 11:14:31.803287
159,39,3,2025-06-13 11:14:31.803344
159,24,3,2025-02-27 11:14:31.803402
159,26,4,2025-11-06 11:14:31.803460
160,42,3,2025-06-14 11:14:31.803529
160,7,3,2025-04-27 11:14:31.803587
160,25,3,2025-07-08 11:14:31.803645
160,35,4,2025-02-25 11:14:31.803704
160,39,5,2025-09-27 11:14:31.803761
160,14,3,2025-08-12 11:14:31.803819
160,27,4,2025-04-13 11:14:31.803876
160,30,5,2025-08-09 11:14:31.803934
160,17,4,2025-03-14 11:14:31.803991
160,13,4,2025-01-01 11:14:31.804048
160,38,3,2025-08-29 11:14:31.804105
161,2,5,2025-09-25 11:14:31.804172
161,40,4,2025-06-04 11:14:31.804230
161,4,2,2024-12-29 11:14:31.804288
161,36,4,2025-08-09 11:14:31.804344
161,26,4,2025-03-01 11:14:31.804401
161,41,4,2025-07-22 11:14:31.804459
161,43,2,2025-10-22 11:14:31.804516
161,45,4,2025-08-11 11:14:31.804574
161,29,5,2025-08-19 11:14:31.804630
161,10,5,2025-03-09 11:14:31.804690
161,48,4,2025-02-21 11:14:31.804747
161,9,4,2025-08-03 11:14:31.804806
161,16,4,2025-11-05 11:14:31.804865
161,6,4,2025-05-09 11:14:31.804923
161,3,4,2025-03-06 11:14:31.804980
161,28,4,2025-06-27 11:14:31.805038
161,5,4,2025-04-19 11:14:31.805096
161,37,5,2025-03-31 11:14:31.805161
161,27,4,2025-04-20 11:14:31.805218
161,21,5,2025-05-15 11:14:31.805276
161,11,3,2025-04-02 11:14:31.805334
161,30,4,2025-05-02 11:14:31.805390
161,18,5,2025-04-07 11:14:31.805457
162,7,3,2025-10-24 11:14:31.805523
162,38,4,2025-01-31 11:14:31.805582
162,15,4,2025-04-03 11:14:31.805641
162,45,4,2025-09-21 11:14:31.805698
162,11,5,2025-07-22 11:14:31.805760
162,24,3,2025-10-25 11:14:31.805817
162,13,4,2025-02-26 11:14:31.805877
162,27,4,2025-04-11 11:14:31.805934
162,34,3,2025-01-13 11:14:31.805993
162,35,4,2025-08-09 11:14:31.806053
162,16,4,2025-06-30 11:14:31.806110
162,8,4,2024-11-27 11:14:31.806169
162,4,3,2025-07-31 11:14:31.806226
162,48,3,2025-04-01 11:14:31.806285
162,20,5,2025-02-02 11:14:31.806341
162,18,5,2025-09-30 11:14:31.806400
162,29,5,2025-05-18 11:14:31.806465
162,6,4,2024-12-15 11:14:31.806561
162,2,3,2024-12-08 11:14:31.806637
162,5,3,2025-08-30 11:14:31.806718
163,33,3,2025-05-05 11:14:31.806799
163,41,4,2025-01-27 11:14:31.806863
163,23,4,2025-07-08 11:14:31.806926
163,35,5,2025-08-12 11:14:31.806987
163,5,4,2025-05-13 11:14:31.807048
163,10,4,2025-10-29 11:14:31.807107
163,24,4,2025-06-27 11:14:31.807166
163,44,5,2025-07-02 11:14:31.807236
163,39,4,2025-04-30 11:14:31.807303
163,0,3,2025-03-09 11:14:31.807363
163,9,3,2025-10-27 11:14:31.807423
163,36,3,2025-01-12 11:14:31.807484
163,34,4,2025-01-05 11:14:31.807544
164,40,3,2025-10-12 11:14:31.807615
164,2,3,2025-03-02 11:14:31.807675
164,39,4,2025-09-12 11:14:31.807734
164,9,3,2025-05-02 11:14:31.807795
164,16,5,2025-11-06 11:14:31.807854
164,4,4,2025-03-20 11:14:31.807912
164,43,5,2024-11-28 11:14:31.807974
164,18,5,2025-05-10 11:14:31.808046
164,24,3,2024-12-21 11:14:31.808120
164,44,5,2025-10-07 11:14:31.808202
164,23,4,2024-12-03 11:14:31.808344
164,6,4,2025-01-12 11:14:31.808423
164,17,5,2025-09-17 11:14:31.808486
164,0,4,2025-10-13 11:14:31.808561
164,22,4,2025-08-04 11:14:31.808622
165,30,5,2025-01-08 11:14:31.808692
165,22,5,2025-07-19 11:14:31.808769
165,44,5,2025-09-06 11:14:31.808828
165,2,3,2024-11-27 11:14:31.808889
165,33,5,2025-07-31 11:14:31.808948
165,29,5,2025-03-30 11:14:31.809015
165,9,4,2025-10-26 11:14:31.809080
165,12,5,2024-12-08 11:14:31.809143
165,5,3,2025-11-09 11:14:31.809203
165,28,4,2025-07-30 11:14:31.809263
165,39,5,2025-04-28 11:14:31.809322
166,2,2,2025-03-07 11:14:31.809393
166,29,4,2025-09-18 11:14:31.809454
166,13,4,2025-09-11 11:14:31.809513
166,14,3,2025-04-06 11:14:31.809575
166,34,5,2024-12-07 11:14:31.809634
166,0,3,2024-12-09 11:14:31.809693
166,31,4,2025-09-24 11:14:31.809754
166,3,4,2025-05-10 11:14:31.809813
166,17,4,2025-08-05 11:14:31.809875
166,33,5,2025-07-19 11:14:31.809934
166,11,4,2025-04-17 11:14:31.809996
166,4,3,2025-10-10 11:14:31.810055
166,40,3,2025-05-10 11:14:31.810115
166,10,4,2025-07-05 11:14:31.810173
166,30,3,2025-06-28 11:14:31.810232
166,20,5,2025-01-24 11:14:31.810292
166,48,4,2024-12-09 11:14:31.810350
166,35,5,2025-07-03 11:14:31.810410
166,45,5,2025-09-28 11:14:31.810469
166,25,3,2025-05-13 11:14:31.810529
166,1,3,2024-12-14 11:14:31.810589
166,15,3,2025-05-05 11:14:31.810649
166,41,3,2025-01-23 11:14:31.810711
167,34,4,2025-05-29 11:14:31.810779
167,31,4,2025-06-15 11:14:31.810841
167,13,4,2025-01-04 11:14:31.810900
167,10,2,2025-06-04 11:14:31.810961
167,7,2,2025-04-30 11:14:31.811020
167,32,3,2025-07-20 11:14:31.811081
167,8,5,2025-01-05 11:14:31.811140
167,30,5,2025-09-10 11:14:31.811200
167,33,5,2025-06-12 11:14:31.811259
167,26,3,2024-12-31 11:14:31.811319
167,44,3,2025-05-09 11:14:31.811378
167,19,3,2025-02-11 11:14:31.811439
168,9,5,2025-01-20 11:14:31.811510
168,11,5,2025-02-22 11:14:31.811570
168,43,3,2025-11-05 11:14:31.811631
168,44,5,2025-04-01 11:14:31.811691
168,40,3,2025-03-03 11:14:31.811751
168,37,4,2025-07-29 11:14:31.811811
168,0,3,2025-02-17 11:14:31.811870
168,1,5,2025-02-14 11:14:31.811930
168,39,4,2025-11-02 11:14:31.811990
168,27,5,2025-05-01 11:14:31.812049
168,35,3,2025-09-22 11:14:31.812108
168,23,4,2025-11-01 11:14:31.812166
168,6,4,2024-12-22 11:14:31.812226
168,28,5,2025-11-09 11:14:31.812292
168,16,4,2025-08-02 11:14:31.812353
168,42,4,2025-10-06 11:14:31.812414
168,22,5,2025-11-01 11:14:31.812473
168,4,4,2025-08-18 11:14:31.812535
168,2,2,2025-06-24 11:14:31.812594
169,0,5,2025-06-30 11:14:31.812665
169,28,4,2025-02-21 11:14:31.812724
169,26,4,2025-08-29 11:14:31.812787
169,20,5,2025-10-19 11:14:31.812845
169,2,3,2025-08-05 11:14:31.812907
169,42,3,2025-08-14 11:14:31.812965
169,21,5,2025-09-25 11:14:31.813025
169,47,4,2025-05-08 11:14:31.813084
169,30,5,2025-10-18 11:14:31.813144
169,16,4,2025-08-18 11:14:31.813203
169,13,4,2025-11-10 11:14:31.813263
169,36,4,2025-08-24 11:14:31.813323
169,10,3,2025-05-08 11:14:31.813382
169,41,3,2025-11-08 11:14:31.813442
169,15,4,2025-06-19 11:14:31.813504
169,38,3,2025-04-21 11:14:31.813562
169,7,3,2025-10-08 11:14:31.813640
169,11,5,2025-04-05 11:14:31.813700
169,27,4,2025-02-16 11:14:31.813758
169,4,5,2025-07-15 11:14:31.813819
170,12,5,2025-07-15 11:14:31.813890
170,1,4,2025-11-09 11:14:31.813949
170,10,3,2025-08-04 11:14:31.814020
170,40,4,2025-06-26 11:14:31.814079
170,0,4,2025-06-19 11:14:31.814141
170,17,4,2024-12-12 11:14:31.814200
170,45,4,2025-05-25 11:14:31.814262
170,22,4,2025-06-23 11:14:31.814321
170,34,3,2025-03-17 11:14:31.814382
170,30,3,2025-02-26 11:14:31.814441
170,42,4,2025-11-06 11:14:31.814502
170,2,3,2025-07-10 11:14:31.814560
170,19,4,2025-07-29 11:14:31.814620
171,47,3,2025-11-14 11:14:31.814691
171,2,2,2025-09-09 11:14:31.814750
171,10,3,2024-12-06 11:14:31.814811
172,10,4,2025-08-01 11:14:31.814881
172,15,4,2025-09-17 11:14:31.814940
172,21,5,2025-09-12 11:14:31.814999
172,9,4,2025-11-13 11:14:31.815060
172,22,4,2025-07-23 11:14:31.815119
172,5,5,2025-04-26 11:14:31.815178
172,4,3,2025-06-15 11:14:31.815237
172,29,5,2024-12-24 11:14:31.815295
172,40,5,2024-12-01 11:14:31.815355
172,32,2,2025-02-03 11:14:31.815418
172,0,5,2025-07-02 11:14:31.815478
172,17,5,2025-01-10 11:14:31.815536
172,27,4,2024-12-02 11:14:31.815598
172,48,5,2025-10-29 11:14:31.815658
172,16,3,2024-11-21 11:14:31.815716
173,43,4,2025-08-01 11:14:31.815785
173,27,5,2025-06-04 11:14:31.815844
173,24,5,2025-08-09 11:14:31.815905
173,7,2,2025-04-20 11:14:31.815972
173,17,4,2025-09-29 11:14:31.816032
173,44,4,2025-02-21 11:14:31.816091
173,14,4,2025-09-15 11:14:31.816159
173,42,4,2025-11-09 11:14:31.816219
173,12,4,2025-03-30 11:14:31.816279
173,15,2,2025-02-25 11:14:31.816342
173,40,5,2025-07-24 11:14:31.816403
173,36,3,2024-12-20 11:14:31.816462
173,18,5,2025-03-18 11:14:31.816532
173,41,2,2025-04-22 11:14:31.816597
173,3,2,2025-06-14 11:14:31.816655
173,31,4,2025-07-20 11:14:31.816717
173,37,5,2025-08-03 11:14:31.816776
174,8,4,2025-02-07 11:14:31.816847
174,14,3,2025-08-20 11:14:31.816906
174,22,5,2025-05-26 11:14:31.816971
174,43,4,2025-01-22 11:14:31.817033
174,9,4,2025-05-08 11:14:31.817101
174,18,5,2025-02-25 11:14:31.817163
174,3,3,2025-04-19 11:14:31.817222
174,44,3,2025-09-13 11:14:31.817282
174,6,3,2025-09-18 11:14:31.817341
174,31,4,2025-04-22 11:14:31.817402
174,34,4,2025-04-28 11:14:31.817463
175,36,5,2025-08-01 11:14:31.817534
175,46,3,2025-08-15 11:14:31.817594
175,1,3,2025-01-29 11:14:31.817652
175,27,3,2025-09-22 11:14:31.817714
175,34,5,2024-12-16 11:14:31.817774
175,23,4,2025-06-22 11:14:31.817834
175,8,4,2025-09-27 11:14:31.817894
175,2,3,2025-01-24 11:14:31.817954
175,19,2,2024-12-16 11:14:31.818013
175,43,3,2025-09-26 11:14:31.818072
175,17,4,2025-09-15 11:14:31.818132
175,28,4,2024-11-28 11:14:31.818192
175,21,4,2024-11-24 11:14:31.818254
176,10,3,2024-11-24 11:14:31.818323
176,42,5,2025-09-05 11:14:31.818385
176,25,3,2025-04-21 11:14:31.818459
176,32,3,2025-02-24 11:14:31.818543
176,6,3,2025-10-20 11:14:31.818629
176,46,3,2025-06-07 11:14:31.818692
176,38,4,2025-05-10 11:14:31.818753
176,9,5,2025-04-18 11:14:31.818813
176,45,4,2025-09-01 11:14:31.818871
176,35,5,2025-03-30 11:14:31.818931
176,11,4,2025-08-29 11:14:31.818989
176,24,4,2025-07-25 11:14:31.819048
176,43,3,2025-03-23 11:14:31.819107
176,3,4,2025-06-18 11:14:31.819166
176,12,4,2025-04-13 11:14:31.819225
176,19,4,2025-10-04 11:14:31.819283
177,26,4,2025-04-03 11:14:31.819354
177,48,3,2025-10-26 11:14:31.819413
177,41,4,2025-08-02 11:14:31.819472
177,47,5,2025-02-12 11:14:31.819530
177,36,4,2024-11-29 11:14:31.819589
177,27,5,2025-02-24 11:14:31.819647
177,29,5,2025-11-09 11:14:31.819707
177,13,4,2025-02-03 11:14:31.819772
177,4,4,2025-02-07 11:14:31.819845
177,3,3,2025-07-23 11:14:31.819903
177,10,5,2025-03-13 11:14:31.819963
177,5,5,2024-12-30 11:14:31.820020
177,8,4,2025-07-18 11:14:31.820081
177,31,3,2025-08-27 11:14:31.820138
177,15,3,2025-07-29 11:14:31.820202
177,39,4,2025-04-16 11:14:31.820261
177,6,4,2025-01-04 11:14:31.820319
177,7,3,2025-10-13 11:14:31.820378
178,21,5,2025-02-21 11:14:31.820444
178,25,2,2025-07-25 11:14:31.820502
178,17,4,2024-12-23 11:14:31.820560
178,29,5,2025-04-07 11:14:31.820845
178,38,3,2025-01-15 11:14:31.820911
178,32,4,2024-12-14 11:14:31.820974
178,4,3,2025-02-07 11:14:31.821033
178,7,4,2025-05-18 11:14:31.821092
178,39,5,2025-05-25 11:14:31.821151
178,43,3,2025-03-31 11:14:31.821209
178,23,4,2024-12-22 11:14:31.821269
178,30,4,2025-09-02 11:14:31.821326
178,47,4,2025-02-14 11:14:31.821384
178,34,4,2025-10-14 11:14:31.821444
178,26,4,2025-01-20 11:14:31.821501
178,10,4,2025-05-29 11:14:31.821561
178,18,5,2025-09-26 11:14:31.821619
178,5,4,2025-02-13 11:14:31.821679
179,4,4,2025-04-25 11:14:31.821750
179,24,4,2025-07-09 11:14:31.821808
179,13,4,2025-08-08 11:14:31.821866
179,31,4,2025-07-22 11:14:31.821925
179,32,4,2025-03-20 11:14:31.821983
179,20,5,2025-02-22 11:14:31.822042
179,8,5,2025-10-13 11:14:31.822099
179,27,5,2025-05-25 11:14:31.822157
179,41,3,2024-12-02 11:14:31.822214
180,11,4,2024-12-28 11:14:31.822284
180,1,3,2025-05-20 11:14:31.822341
180,35,4,2025-02-09 11:14:31.822399
181,10,2,2025-10-18 11:14:31.822467
181,41,3,2025-07-24 11:14:31.822524
181,14,4,2025-03-26 11:14:31.822583
181,45,5,2025-04-17 11:14:31.822641
181,16,4,2025-09-06 11:14:31.822699
181,15,3,2025-03-12 11:14:31.822758
181,44,4,2024-12-15 11:14:31.822816
181,39,4,2025-03-26 11:14:31.822876
181,18,5,2025-08-18 11:14:31.822933
181,37,4,2025-09-30 11:14:31.822992
181,40,5,2025-01-07 11:14:31.823050
181,36,4,2025-03-28 11:14:31.823110
181,19,4,2025-01-09 11:14:31.823194
182,38,3,2025-03-09 11:14:31.823281
182,46,3,2025-08-24 11:14:31.823358
182,39,4,2025-07-10 11:14:31.823419
182,21,4,2025-01-11 11:14:31.823489
182,10,5,2024-11-28 11:14:31.823567
182,32,3,2025-04-06 11:14:31.823626
182,14,4,2025-07-30 11:14:31.823688
182,34,4,2024-12-23 11:14:31.823748
182,18,5,2025-09-25 11:14:31.823825
182,23,3,2025-07-25 11:14:31.823899
182,3,2,2025-02-10 11:14:31.823960
182,9,3,2025-05-14 11:14:31.824019
182,30,5,2025-08-05 11:14:31.824081
182,17,4,2025-07-13 11:14:31.824140
183,9,3,2024-12-26 11:14:31.824210
183,31,5,2025-06-27 11:14:31.824270
183,38,3,2025-02-18 11:14:31.824331
183,13,4,2025-01-19 11:14:31.824391
183,2,3,2025-03-25 11:14:31.824452
183,10,3,2025-05-27 11:14:31.824511
183,4,3,2025-04-19 11:14:31.824572
183,33,3,2025-03-23 11:14:31.824632
183,27,5,2025-02-16 11:14:31.824691
183,48,5,2025-04-04 11:14:31.824752
183,29,5,2025-06-20 11:14:31.824811
183,5,5,2025-05-27 11:14:31.824875
183,1,5,2025-01-03 11:14:31.825061
183,22,4,2025-03-23 11:14:31.825187
183,8,3,2025-06-27 11:14:31.825254
184,21,5,2025-03-26 11:14:31.825345
184,38,4,2025-08-05 11:14:31.825407
184,14,4,2024-12-24 11:14:31.825468
184,0,3,2025-11-12 11:14:31.825547
184,20,4,2025-05-06 11:14:31.825607
184,36,4,2025-06-19 11:14:31.825668
184,9,4,2025-02-28 11:14:31.825727
184,24,3,2024-12-19 11:14:31.825788
184,35,5,2024-12-19 11:14:31.825858
184,44,3,2025-08-27 11:14:31.825919
184,37,5,2025-11-04 11:14:31.825977
184,46,3,2025-01-04 11:14:31.826038
184,4,4,2025-07-14 11:14:31.826096
184,8,5,2025-11-06 11:14:31.826157
184,17,5,2025-10-26 11:14:31.826216
184,12,3,2025-09-10 11:14:31.826276
184,42,4,2025-01-05 11:14:31.826335
184,7,3,2025-04-16 11:14:31.826395
184,15,3,2025-10-18 11:14:31.826454
185,18,5,2025-05-31 11:14:31.826522
185,5,4,2025-02-17 11:14:31.826582
185,20,4,2025-09-04 11:14:31.826640
185,45,4,2025-06-14 11:14:31.826703
185,7,4,2025-01-21 11:14:31.826761
185,34,4,2025-04-04 11:14:31.826822
185,48,4,2025-01-19 11:14:31.826880
185,23,3,2025-05-16 11:14:31.826944
185,30,4,2025-04-04 11:14:31.827002
185,10,4,2025-08-24 11:14:31.827061
185,28,5,2025-05-22 11:14:31.827119
185,17,5,2025-10-01 11:14:31.827177
185,38,3,2024-12-20 11:14:31.827236
185,11,4,2025-02-18 11:14:31.827295
186,37,4,2025-05-16 11:14:31.827365
186,39,3,2025-05-11 11:14:31.827423
186,46,3,2025-08-03 11:14:31.827481
186,47,5,2025-03-24 11:14:31.827541
186,32,3,2025-10-01 11:14:31.827598
186,36,5,2025-07-28 11:14:31.827657
186,29,4,2025-07-10 11:14:31.827715
186,22,3,2025-05-24 11:14:31.827774
186,5,4,2025-05-05 11:14:31.827832
186,3,3,2024-12-29 11:14:31.827890
186,14,4,2025-03-11 11:14:31.827949
187,29,4,2025-10-02 11:14:31.828016
187,33,5,2025-07-05 11:14:31.828076
187,16,4,2025-08-04 11:14:31.828134
187,24,4,2025-05-30 11:14:31.828195
187,43,4,2025-07-15 11:14:31.828253
187,13,3,2024-12-05 11:14:31.828313
187,28,4,2025-11-05 11:14:31.828370
187,35,3,2025-09-14 11:14:31.828430
187,47,3,2025-05-08 11:14:31.828487
187,42,5,2025-07-28 11:14:31.828546
187,11,3,2025-11-04 11:14:31.828607
187,37,4,2025-10-13 11:14:31.828666
187,25,3,2025-11-07 11:14:31.828723
187,18,5,2025-09-13 11:14:31.828782
187,9,3,2025-07-07 11:14:31.828839
187,32,4,2025-02-02 11:14:31.828900
187,0,3,2025-04-27 11:14:31.828958
188,27,5,2024-11-24 11:14:31.829025
188,37,5,2024-12-25 11:14:31.829083
188,3,3,2025-04-24 11:14:31.829142
188,23,4,2025-02-19 11:14:31.829203
188,19,4,2025-06-11 11:14:31.829261
188,14,3,2025-06-23 11:14:31.829322
188,12,3,2025-10-05 11:14:31.829379
188,20,4,2025-02-27 11:14:31.829438
188,28,5,2025-03-30 11:14:31.829497
188,15,4,2025-10-15 11:14:31.829555
188,13,3,2025-10-25 11:14:31.829612
188,0,4,2025-05-01 11:14:31.829677
188,6,3,2025-03-07 11:14:31.829735
188,46,3,2025-06-30 11:14:31.829795
188,7,3,2025-01-31 11:14:31.829865
188,29,5,2025-09-18 11:14:31.829924
188,24,4,2025-03-07 11:14:31.829982
188,11,3,2025-04-21 11:14:31.830041
188,44,5,2025-05-25 11:14:31.830100
188,40,4,2025-01-22 11:14:31.830161
188,43,4,2025-01-21 11:14:31.830219
188,22,4,2025-07-19 11:14:31.830277
188,18,5,2025-10-29 11:14:31.830335
188,36,4,2025-05-13 11:14:31.830392
189,35,4,2025-10-03 11:14:31.830462
189,12,3,2025-02-03 11:14:31.830522
189,38,3,2025-07-11 11:14:31.830582
189,26,4,2025-06-08 11:14:31.830646
189,40,3,2025-11-06 11:14:31.830706
189,13,3,2025-10-12 11:14:31.830767
189,41,3,2024-11-25 11:14:31.830826
189,14,4,2025-09-25 11:14:31.830884
189,28,4,2025-09-25 11:14:31.830942
189,10,4,2025-08-26 11:14:31.831000
189,6,4,2025-04-19 11:14:31.831059
190,17,5,2025-07-20 11:14:31.831127
190,26,3,2025-10-12 11:14:31.831186
190,36,4,2025-05-13 11:14:31.831245
191,36,3,2025-02-14 11:14:31.831314
191,17,5,2025-04-18 11:14:31.831371
191,20,3,2025-04-16 11:14:31.831430
191,27,4,2025-09-06 11:14:31.831488
191,29,5,2025-04-06 11:14:31.831547
191,4,4,2025-09-15 11:14:31.831605
191,34,4,2025-01-02 11:14:31.831679
191,12,5,2025-01-18 11:14:31.831737
191,41,3,2025-02-14 11:14:31.831795
191,18,5,2025-08-04 11:14:31.831852
191,26,3,2025-03-16 11:14:31.831910
191,47,4,2025-09-05 11:14:31.831968
191,19,4,2025-04-18 11:14:31.832027
192,37,5,2025-11-14 11:14:31.832093
192,19,4,2025-10-31 11:14:31.832150
192,0,3,2025-07-14 11:14:31.832210
192,20,5,2025-04-12 11:14:31.832267
192,36,5,2024-12-11 11:14:31.832327
192,40,4,2025-03-16 11:14:31.832385
192,10,4,2025-04-02 11:14:31.832450
192,13,3,2024-12-21 11:14:31.832507
193,16,5,2025-10-11 11:14:31.832576
193,35,5,2025-06-10 11:14:31.832640
193,40,4,2025-03-02 11:14:31.832708
193,17,5,2025-04-17 11:14:31.832765
193,3,3,2025-01-02 11:14:31.832827
193,38,3,2025-10-22 11:14:31.832884
193,2,3,2025-09-15 11:14:31.832944
193,12,5,2025-04-15 11:14:31.833001
193,26,3,2025-05-11 11:14:31.833072
193,47,4,2025-05-14 11:14:31.833129
193,48,5,2025-02-22 11:14:31.833188
193,15,4,2025-02-02 11:14:31.833247
193,13,5,2025-07-23 11:14:31.833305
193,20,5,2025-09-15 11:14:31.833365
193,44,5,2025-03-12 11:14:31.833429
193,28,3,2025-03-21 11:14:31.833490
193,29,5,2025-10-11 11:14:31.833553
194,21,4,2025-04-13 11:14:31.833622
194,8,5,2025-03-07 11:14:31.833683
194,29,4,2025-10-14 11:14:31.833742
194,2,1,2024-12-19 11:14:31.833801
194,36,5,2025-05-25 11:14:31.833860
194,13,3,2025-08-15 11:14:31.833918
194,34,3,2025-08-14 11:14:31.833979
194,26,4,2025-06-29 11:14:31.834037
194,31,4,2025-08-18 11:14:31.834095
194,5,4,2025-08-20 11:14:31.834153
194,1,3,2025-05-05 11:14:31.834211
194,12,5,2025-02-10 11:14:31.834276
194,7,3,2024-12-22 11:14:31.834335
194,43,3,2025-04-21 11:14:31.834395
194,16,3,2025-09-19 11:14:31.834452
194,46,3,2025-02-07 11:14:31.834511
194,15,3,2025-03-18 11:14:31.834569
195,27,4,2025-06-14 11:14:31.834637
195,48,3,2025-03-15 11:14:31.834696
195,9,3,2025-07-03 11:14:31.834754
195,47,3,2025-09-02 11:14:31.834813
195,32,4,2025-01-06 11:14:31.834871
195,8,5,2025-07-31 11:14:31.834928
195,12,5,2025-08-11 11:14:31.834990
195,44,4,2025-05-31 11:14:31.835048
195,5,3,2025-05-07 11:14:31.835108
195,20,5,2025-10-09 11:14:31.835180
195,26,4,2025-06-14 11:14:31.835244
195,34,3,2024-12-21 11:14:31.835316
195,6,3,2024-11-24 11:14:31.835387
195,16,4,2025-05-30 11:14:31.835447
195,10,3,2025-05-20 11:14:31.835507
195,11,4,2025-07-09 11:14:31.835567
195,42,5,2025-03-02 11:14:31.835626
195,13,5,2024-12-04 11:14:31.835684
196,46,3,2025-09-27 11:14:31.835751
196,31,5,2025-05-21 11:14:31.835810
196,17,4,2025-03-05 11:14:31.835868
196,3,3,2025-11-05 11:14:31.835928
196,15,3,2025-07-22 11:14:31.835986
196,6,5,2025-09-08 11:14:31.836046
196,27,5,2025-05-24 11:14:31.836103
196,9,3,2025-06-18 11:14:31.836162
196,32,5,2025-08-29 11:14:31.836221
196,47,5,2025-01-07 11:14:31.836277
196,11,3,2025-10-17 11:14:31.836336
196,42,3,2025-11-15 11:14:31.836394
196,34,3,2024-11-28 11:14:31.836454
196,35,4,2025-01-16 11:14:31.836512
196,41,3,2025-06-27 11:14:31.836571
196,33,5,2025-02-14 11:14:31.836628
196,45,5,2025-10-23 11:14:31.836687
196,44,4,2025-07-04 11:14:31.836744
196,38,3,2025-03-18 11:14:31.836802
196,16,5,2025-02-27 11:14:31.836859
197,26,2,2025-10-16 11:14:31.836928
197,5,4,2025-06-05 11:14:31.836993
197,30,5,2025-06-22 11:14:31.837054
197,2,4,2025-05-14 11:14:31.837113
197,14,4,2025-07-22 11:14:31.837171
197,17,4,2024-12-17 11:14:31.837232
197,42,4,2025-03-09 11:14:31.837292
197,29,4,2025-01-29 11:14:31.837360
197,32,5,2025-07-12 11:14:31.837425
197,38,3,2025-11-07 11:14:31.837483
197,16,4,2024-12-26 11:14:31.837546
197,28,5,2025-03-19 11:14:31.837603
197,45,5,2025-10-02 11:14:31.837663
197,13,3,2025-09-09 11:14:31.837721
197,33,4,2025-09-12 11:14:31.837780
197,15,4,2025-02-14 11:14:31.837838
197,44,4,2025-08-01 11:14:31.837897
197,47,4,2025-02-21 11:14:31.837970
197,1,5,2025-04-13 11:14:31.838034
197,25,2,2025-04-03 11:14:31.838093
198,38,4,2025-06-27 11:14:31.838160
198,45,3,2025-04-30 11:14:31.838220
198,1,4,2025-10-26 11:14:31.838279
198,28,5,2025-08-06 11:14:31.838344
198,39,3,2025-02-17 11:14:31.838410
198,33,4,2025-11-04 11:14:31.838470
198,25,4,2025-08-26 11:14:31.838530
198,0,3,2024-12-10 11:14:31.838593
198,31,4,2025-03-01 11:14:31.838655
198,3,3,2025-09-22 11:14:31.838714
198,4,5,2025-06-27 11:14:31.838771
198,12,5,2025-05-29 11:14:31.838832
198,47,5,2024-12-19 11:14:31.838889
198,48,4,2025-01-15 11:14:31.838948
198,22,5,2025-06-30 11:14:31.839014
198,40,4,2024-11-24 11:14:31.839074
198,23,4,2025-03-07 11:14:31.839134
198,11,4,2025-04-12 11:14:31.839191
198,20,4,2025-09-11 11:14:31.839250
198,41,4,2024-12-10 11:14:31.839316
198,16,5,2024-12-15 11:14:31.839383
198,21,5,2025-06-27 11:14:31.839445
198,24,4,2025-07-15 11:14:31.839507
199,9,3,2025-08-10 11:14:31.839576
199,7,3,2025-03-13 11:14:31.839634
199,45,5,2025-04-17 11:14:31.839694
199,8,5,2025-10-05 11:14:31.839752
199,26,3,2025-07-28 11:14:31.839811
199,15,3,2025-05-14 11:14:31.839887
199,23,3,2025-01-30 11:14:31.839952
199,40,4,2025-11-13 11:14:31.840020
199,33,4,2025-04-09 11:14:31.840088
199,24,3,2025-04-21 11:14:31.840158
199,11,4,2025-01-23 11:14:31.840219
199,10,3,2025-06-21 11:14:31.840279
199,31,4,2025-08-02 11:14:31.840337
199,35,5,2025-03-08 11:14:31.840397
199,48,3,2025-10-06 11:14:31.840455
199,46,2,2025-04-27 11:14:31.840513
199,30,4,2025-02-18 11:14:31.840570
199,6,3,2025-09-06 11:14:31.840629
199,44,5,2025-10-01 11:14:31.840687
199,34,3,2025-05-24 11:14:31.840746
